create database Company
use Company
create table Employees
(
EmpID int primary key,
FirstName varchar(50),
LastName varchar(50),
City varchar(20),
Country varchar(20),
Profession varchar(30),
Salary float,
PhoneNumber nvarchar(15)
)	
Update Employees set Profession = 'Manager'
update Customers set LastName = 'Romano' where CustomerId = '1087'

insert into Employees values(1,'Michael','Collins','Chicago','USA','Manager',6000,'515-0527238')
insert into Employees values(2,'Lindsey','Adams','Boston','USA','Seller',1600,'522-0527238')
insert into Employees values(3,'Alfred','Baileys','Chicago','USA','Seller',1600,'533-05774266')
insert into Employees values(4,'Timothy','Clarks','Newark','USA','Seller',1600,'566-0557329')
insert into Employees values(5,'Rachel','Houghes','Pittsburgh','USA','Driver',1700,'510-0527238')
insert into Employees values(6,'Vincent','Flint','New York','USA','Manager',7000,'508-0527238')
insert into Employees values(7,'Roger','Johnston','Philadelphia','USA','Driver',1700,'510-0537639')
insert into Employees values(8,'Stacey','Elliot','Flint','USA','Cashier',1600,'544-0557300')
insert into Employees values(9,'Victor','Suarez','Houston','USA','Warehouse Worker',1800,'550-0524390')
insert into Employees values(10,'Juana','Herrera','Miami','USA','Bookkeeper',2400,'505-0587102')
insert into Employees values(11,'Victoria','Blake','Miami','USA','Cashier',1600,'505-0577332')
insert into Employees values(12,'Tom','Ashton','Orlando','USA','IT Technician',2600,'505-0527380')
insert into Employees values(13,'Victor','Romanovich','Los Angeles','USA','Cashier',1830,'560-0554435')
insert into Employees values(14,'Clara','Allison','Dallas','USA','Seller',1730,'564-0548008')
insert into Employees values(15,'Joaquin','Gonzalez','San Antonio','USA','Seller',1750,'564-0527112')
insert into Employees values(16,'Robert','Vincenzo','Dallas','USA','Seller',1720,'564-0556300')
insert into Employees values(17,'Laura','Gomez','Los Angeles','USA','Seller',1820,'560-0507128')
insert into Employees values(18,'Alex','Zain','Los Angeles','USA','Warehouse Worker',2000,'560-0527455')
insert into Employees values(19,'Dimitry','Maximovich','Los Angeles','USA','Seller',1820,'560-0534666')
insert into Employees values(20,'Frank','Wayne','Memphis','USA','Seller',1550,'503-0537122')
insert into Employees values(21,'Harry','Samuels','Seattle','USA','Seller',1700,'567-0538344')
insert into Employees values(22,'Sam','Price','Atlanta','USA','Warehouse Woker',1800,'504-0536248')
insert into Employees values(23,'Roberto','DeAngeli','Atlanta','USA','Seller',1730,'504-0537458')
insert into Employees values(24,'Maria','Danila','Bucharest','Romania','Cashier',800,'820-0534455')
insert into Employees values(25,'Nicola','Ciolacu','Bucharest','Romania','Seller',820,'820-05376642')
insert into Employees values(26,'Victor','Cimpeanu','Bucharest','Romania','Seller',1000,'820-0557122')
insert into Employees values(27,'Lazlo','Bode','Bucharest','Romania','Seller',780,'820-0536518')
insert into Employees values(28,'Bella','Ciuca','Bucharest','Romania','Warehouse Worker',1000,'820-0537322')
insert into Employees values(29,'Vera','Romanescu','Bucharest','Romania','Manager',2200,'820-0521233')
insert into Employees values(30,'Roman','Antonescu','Bucharest','Romania','Seller',690,'820-0537455')


create table Customers
(
EmpId int primary key,
CustomerId int,
FirstName varchar(50),
LastName varchar(50),
City varchar(30),
Country varchar(30),
Address varchar(60),
HomePhone varchar(30),
Discount real
)
use Company
insert into Customers values(1,1000,'Michael','Conrad','Chicago','USA','Robert Edwards 2300/42','522-0547288',0.05)
insert into Customers values(2,1001,'Daniel','Stuart','New York','USA','7th Avenue 20\8','526-0546688',0.1)
insert into Customers values(3,1002,'Michael','Conrad','New York','USA','JFK 120/42','526-0537223',0.05)
insert into Customers values(4,1003,'Georgio','Peruzzi','Newark','USA','Christopher Columbus 150/8','527-0523374',0.1)
insert into Customers values(5,1004,'Roger','Lee Jr','Boston','USA','Alexander Graham Bell 100/42','529-0535505',0.1)
insert into Customers values(6,1005,'Ron','DeSantis','Miami','USA','George Washington  200/7','505-0576388',0.1)
insert into Customers values(7,1006,'Martin','Oliveira','Miami','USA','Martin Luther King Jr 120/5','505-0557244',0.1)
insert into Customers values(8,1007,'Jennifer','Rudiger','Philadelphia','USA','Douglas McCarthur 300/12','530-0547333',0.1)
insert into Customers values(9,1008,'Monica','Belluchi','Pittsburgh','USA','Robert Green 2300/20','530-0546588',0.1)
insert into Customers values(10,1009,'Natasha','Myers','Charlotte','USA','Thomas Jefferson 22/11','531-0567399',Null)
insert into Customers values(11,1010,'Truce','Drake Jr','Atlanta','USA','Louis Armstrong 33/2','504-0525933',Null)
insert into Customers values(12,1011,'Edith','Allison','Orlando','USA','FDR 100/42','505-0533354',Null)
insert into Customers values(13,1012,'Francois','LeBlanc','Miami','USA','Victor Hugo 90/2','505-0527729',0.1)
insert into Customers values(14,1013,'Jose','Molinero Lopez','Los Angeles','USA','Victor Herrera 23/1','570-0537988',Null)
insert into Customers values(15,1014,'Eric','Samuels Jr','Los Angeles','USA','Diego Rivera Avenue 92/4','570-0577578',0.1)
insert into Customers values(16,1015,'Dimitris','Papadopolous','Los Angeles','USA','Mark Shagal 22/2','570-0537555',0.1)
insert into Customers values(17,1016,'Alicia','Trene Rowland','Oakland','USA','Robert Kane 11/42','570-0557699',0.1)
insert into Customers values(18,1017,'Neil','Gates','Seattle','USA','Steve Jobs 26/4','572-0517237',0.1)

insert into Customers values(19,1018,'Harry','Benjamin Jackson','Houston','USA','Woodrow Wilson 300/7','568-0552377',0.1)
insert into Customers values(20,1019,'Felicia','Conrad','Dallas','USA','Robert Edwards 2300/42','522-0547288',0.1)
insert into Customers values(21,1020,'Kimberly','Conrad','San Antonio','USA','Robert Edwards 2300/42','522-0547288',0.1)
insert into Customers values(22,1021,'Laura','Hofmann','Des Moines','USA','Robert Lee Jr 23/42','580-0539988',0.1)
insert into Customers values(23,1022,'Hugo','Hernandez Diaz','Phoenix','USA','Erasmus 22/5','579-0567785',0.1)
insert into Customers values(24,1023,'Billy','Ventura','Toucson','USA','Charles Ludvigsson 120/6','579-0548128',0.1)
insert into Customers values(25,1024,'Larry','Collins','Colorado Springs','USA','Robert Lee 220/4','581-0537722',Null)
insert into Customers values(26,1025,'Nicole','Davis','Abilene','USA','Robert Frank 22/1','555-0577200',0.1)
insert into Customers values(27,1026,'Vicky','Clifford Gibbs','Provo','USA','Benjamin Warfield 233/15','583-0557666',0.1)
insert into Customers values(28,1027,'Olivia','McQuinn','Bozeman','USA','Ann Lee 112/42','584-0557188',0.1)
insert into Customers values(29,1028,'Ian','Miller','Dickinson','USA','Richard John Neuhaus 231/14','583-0544588',0.1)
insert into Customers values(30,1029,'Josef','Smith','Fargo','USA','Billy Graham 23/2','585-0583288',0.1)
insert into Customers values(31,1030,'Michelle','Denise','Duluth','USA','James Gibbons 55/11','577-0557088',0.1)
insert into Customers values(32,1031,'Janice','Mariott','Iowa City','USA','John Howard Yoder 86/10','578-0567888',0.1)
insert into Customers values(33,1032,'Kevin','De Jong','Lincoln','USA','Reinhold Niebuhr  80/7','579-0537000',0.1)
insert into Customers values(34,1033,'Jasmin','Fletcher','Kansas City','USA','Roger Williams 70/42','576-0557211',0.1)
insert into Customers values(35,1034,'Dwane','Lee Armstrong','Las Vegas','USA','Ella Fitzgerald 102/12','572-0537088',0.1)
insert into Customers values(36,1035,'Dorothy','Jackson','Bloomington','USA','Robert Flint 22/3','544-0557255',0.1)
insert into Customers values(37,1036,'Denise','Winston','Chicago','USA','Abraham Lincoln 114/17','522-0557700',0.1)
insert into Customers values(38,1037,'Clark','Ferguson','Richmond','USA','William Cameron Townsend  100/8','510-0537578',0.1)
insert into Customers values(39,1038,'Clarise','Wayne','Buffalo','USA','Robert Michaelson 212/2','526-0557666',0.1)
insert into Customers values(40,1039,'Anna','Lee Stuart','Rochester','USA','Robert Jackson 22/7','526-0547777',0.1)
insert into Customers values(41,1040,'Eva','Stanely','Tallahassee','USA','Admiral Nelson 112/42','505-0557696',0.1)
insert into Customers values(42,1041,'Fiona','Rodrigez','Tampa','USA','William J Seymour 100/6','505-0547799',0.1)
insert into Customers values(43,1042,'Kelly','Foster','Naples','USA','Thomas Alva Eddison 22/6','505-0539923',0.05)
insert into Customers values(44,1043,'Nelly','Preston','Chicago','USA','Larry Edmonds 2300/42','522-0552888',0.12)
insert into Customers values(45,1044,'Patricia','Stevens','Portland','USA','104 Elm St. 233/42','588-0508888',0.15)
insert into Customers values(46,1045,'Marie','Černý','Prague','Czech Republic','Parizska St. 22/6','420-0537200',0.1)
insert into Customers values(47,1046,'Jana','Nováková','Prague','Czech Republic','Na Kampě 21/8','420-0541300',0.1)
insert into Customers values(48,1047,'Petr','Černý','Brno','Czech Republic','Nerudova 23/9','420-0535600',Null)
insert into Customers values(49,1048,'Pavel','Novotný','Liberec','Czech Republic','Havelská 110/7','420-0536500',0.1)
insert into Customers values(50,1049,'Petra','Svobodová','Ostrava','Czech Republic','Jakubská 133/5','420-0578200',Null)
insert into Customers values(51,1050,'Vladimír','Navrátil','Prague','Czech Republic','Loretánská 150/42','420-0535400',0.1)
insert into Customers values(52,1051,'Jack','Miller','London','UK','Winston Churchill 220/7E','44-0547388',0.1)
insert into Customers values(53,1052,'Boris','James','London','UK','George Bernard Shaw 220/4','44-05472877',0.1)
insert into Customers values(54,1053,'David','Bradley','London','UK','Silvia Plath 120/3','44-0547666',0.1)
insert into Customers values(55,1054,'Monica','Peters','London','UK','Salvador Dali 122/7','44-0556288',0.1)
insert into Customers values(56,1055,'Victoria','Owens','London','UK','William Blake 232/7','44-0577888',0.1)
insert into Customers values(57,1056,'Rebecca','Bevin','Liverpool','UK','Ian McEuan 8/42','44-0537087',0.1)
insert into Customers values(58,1057,'Betsy','McBright','Birmingham','UK','Sir Arthur Welsley 33/42','44-0567700',0.1)
insert into Customers values(59,1058,'Amir','Khan','Glasgow','UK','Admiral Nelson 199/42','44-0557880',0.1)
insert into Customers values(60,1059,'Ashley','Smith','Manchester','UK','Robert Gibbons 82/5','44-0587488',0.1)
insert into Customers values(61,1060,'Sharon','McDonnald','Cardiff','UK','Benjamin Franklin 98/11','44-0557758',0.1)
insert into Customers values(62,1061,'Nancy','Abrahams','Leeds','UK','William Shakespeare 18/42','44-0517555',0.1)
insert into Customers values(63,1062,'Kate','Dickinson','Leicester','UK','Emily Dickinson 122/7','44-0557228',0.1)
insert into Customers values(64,1063,'Michael','Neville','Newcastle','UK','Geoffrey Chaucer st. 235/70','44-0552000',0.2)
insert into Customers values(65,1064,'Louisa','Robertson','Portsmouth','UK','Louisa May Alcott st. 2300/42','44-0532333',0.1)
insert into Customers values(66,1065,'Annabelle','Lavigne','Paris','France','Victor Hugo rue 2300/42','33-0557028',0.1)
insert into Customers values(67,1066,'Sophie','Conrad','Auxerre','France','Avenue Montaigne 23/5','33-0570000',0.1)
insert into Customers values(68,1067,'Jules','Aurellie','Dijon','France','Rue Saint-Rustique 2300/42','33-0557203',0.1)
insert into Customers values(69,1068,'Raphaël','Monet','Grenoble','France','Rue Saint-Dominique 2300/42','33-0547288',0.1)
insert into Customers values(70,1069,'Théo','Blanchet','Lille','France','Rue Montorgueil 233/45','33-0548348',0.1)
insert into Customers values(71,1070,'Mathéo','Moulin','Metz','France','Rue Oberkampf 123/46','33-0545288',0.1)
insert into Customers values(72,1071,'Éliott','Toussaint','Bordeaux','France','Rue du Moulin 88/44','33-0554400',0.1)
insert into Customers values(73,1072,'Cécile','Dupont','Lyon','France','Rue des Boulets 1200/42','33-0547777',0.1)
insert into Customers values(74,1073,'Lyna','Garnier','Paris','France','Rue Casse-Cul 127/40','33-0527028',0.1)
insert into Customers values(75,1074,'Esma','Ben-Jelloun','Strasbourg','France','Boulevard de Bonne Nouvelle 2500/42','33-0545498',0.1)
insert into Customers values(76,1075,'Marianne','Allard','Montpelliers','France','Avenue de Choisy 22/49','33-0577200',0.1)
insert into Customers values(77,1076,'Phillip','Moreau','Reims','France','Rue des Rosiers 111/42','33-0587328',0.1)
insert into Customers values(78,1077,'Adele','Corbin','Nantes','France','Rue de Rivoli 23/41','33-0507300',0.1)
insert into Customers values(79,1078,'Emmanuel','Dubois','Brussels','Belgium','Jacques Brelle 231/40','32-0557322',0.1)
insert into Customers values(80,1079,'Bernard','Leroy','Brussels','Belgium','Edith Piaf 20/46','32-0552888',0.1)
Select * from Customers where CustomerId <1070 and Country = 'France'
insert into Customers values(81,1080,'Astrid','de Bruyne','Amsterdam','Netherlands','Vincent Van Gogh st. 2300/42','31-0537200',0.1)
insert into Customers values(82,1081,'Frank','Heitinga','Amsterdam','Netherlands','Theo Van Gogh st. 124/41','31-0549233',0.1)
insert into Customers values(83,1082,'Raphael','Van Juulit','Rotterdam','Netherlands','Gustav Klimt st. 23/10','31-0551023',0.1)
insert into Customers values(84,1083,'Els','De Jong','Utrecht','Netherlands','Rembrandt st. 232/42','31-0544688',0.1)
insert into Customers values(85,1084,'Louis','Van Daam','Eindhoven','Netherlands','Bloemstraat 2311/411','31-0557869',0.1)
insert into Customers values(86,1085,'Umberto','Scaglia','Rome','Italy','Leonardo de Vinci  2/42','39-0547218',Null)
use Company
insert into Customers values(87,1086,'Raphael','Di Matteo','Rome','Italy','Dante 3/9','39-0579288',Null)
insert into Customers values(88,1087,'Manuela','Romano','Milan','Italy','Di Matteo  96/42','39-0547233',Null)
insert into Customers values(89,1088,'Giorgia','Bernardini','Naples','Italy','Francesco Petrarca 11/7','39-0558233',Null)
insert into Customers values(90,1089,'Elena','De Rossi','Turin','Italy','Donatello st. 2/8','39-0506533',Null)
insert into Customers values(91,1090,'Francesco','Ferrari','Fiorence','Italy','Via Giuseppe Garibaldi 9/13','39-0517322',0.1)
insert into Customers values(92,1091,'Gustav','Flint','Bern','Switzerland','Alfred Noble 13/42','41-0557228',0.1)
insert into Customers values(93,1092,'Nicola','Montavon','Zurich','Switzerland','Paracelsus Strasse 101/42','41-0542000',0.1)
insert into Customers values(94,1093,'Hans','Niederhauser','Geneva','Switzerland','Jean Samuel Pauly 25/11','41-0582344',0.1)
insert into Customers values(95,1094,'Agnes','Rohner','Lugano','Switzerland','Vladimir Prelog 33/19','41-0502344',0.1)
insert into Customers values(96,1095,'Therese','Pichon','Luzern','Switzerland','Auguste Piccard 65/11','41-0567344',0.1)
insert into Customers values(97,1096,'Sofi','Svensson','Stockholm','Sweden','Gustav IV 22/40','46-0547200',0.1)
insert into Customers values(98,1097,'Gustav','Larsson','Stockholm','Sweden','Högvaktsterrassen 33/42','46-0542300',0.1)
insert into Customers values(99,1098,'Jorgen','Kallstrom','Goteborg','Sweden','Österlånggatan 2300/42','46-0547288',0.1)
insert into Customers values(100,1099,'Selahettin','Özbaş','Goteborg','Sweden','Myntgatan 2300/42','46-0557188',0.1)
insert into Customers values(101,1100,'Ali','Karimi','Malmo','Sweden','Lilla Nygatan 2300/42','46-0582333',0.1)
insert into Customers values(102,1101,'Andres','Tegnell','Uppsala','Sweden','Prästgatan 2300/42','46-0548233',0.1)
insert into Customers values(103,1102,'Michael','Conrad','Helsingborg','Sweden','Skeppsbron 2300/42','46-0512455',0.1)
insert into Customers values(104,1103,'Lars','Gudjonsson','Gävle','Sweden','Benickebrinken 2300/42','46-0585444',0.1)
insert into Customers values(105,1104,'Nilufer','Alizade','Karlstad','Sweden','Munkbrogatan 231/42','46-0552733',Null)
insert into Customers values(106,1105,'Kalevi','Virtanen','Helsinki','Finland','Mannerheimintie 22/1','358-0579988',0.1)
insert into Customers values(107,1106,'Alma','Nielsen','Copenhagen','Denmark','Børsgade 712/4','45-0557318',0.1)
insert into Customers values(108,1107,'Karl','Sorensen','Copenhagen','Denmark','Badstuestræde 234/42','45-0546888',0.1)
insert into Customers values(109,1108,'Niklas','Christensen','Oslo','Norway','Åbenrå 12/42','47-0513388',Null)
insert into Customers values(110,1109,'Herman','Schroder','Berlin','Germany','Friedrichstrasse 29/11','49-0537788',0.1)
insert into Customers values(111,1110,'Albert','Schtauffenberg','Berlin','Germany','Hauptstraße 470/4','49-0572277',0.1)
insert into Customers values(112,1111,'Magda','Conrad','Hamburg','Germany','Schulstraße  2300/42','49-0547288',0.1)
insert into Customers values(113,1112,'Conrad','Schmidt','Dresden','Germany','Heinrich II Straße 133/42','49-0551288',0.1)
use Company
insert into Customers values(114,1113,'Mario','Kohl','Mainz','Germany','Friedrich II Straße 14/2','49-0562000',0.1)

insert into Customers values(115,1114,'Mark','Müller','Frankfurt','Germany','Dorfstraße 133/42','49-0537299',0.1)
insert into Customers values(116,1115,'Martha','Fischer','Leipzig','Germany','Goethestraße 91/66','49-0577992',0.1)
insert into Customers values(117,1116,'Klaus','Wagner','Bochum','Germany','Schillerstraße 155/7','49-0508172',0.1)
insert into Customers values(118,1117,'Amin','El-Khamdawi','Düsseldorf','Germany','Nietschestraße 144/42','49-0587233',0.1)
insert into Customers values(119,1118,'Derya','Göktürk','Nuremberg','Germany','Alexanderplatz 133/2','49-0523737',0.1)
insert into Customers values(120,1119,'Gerhard','Zimmermann','Munich','Germany','Unter den Linden 2300/42','49-0568111',0.1)
insert into Customers values(121,1120,'Fritz','Kruger','Dortmund','Germany','Kastanienallee 802/6','49-0552755',0.1)
insert into Customers values(122,1121,'Emma','Meyer','Kaiserslautern','Germany','Alte and Neue Schönhauser Strasse 277/3','49-0557680',0.1)
insert into Customers values(123,1122,'Laura','Becker','Bremen','Germany','Kurfürstendamm 822/3','49-0579277',0.1)
insert into Customers values(124,1123,'Mia','Lehmann','Weimar','Germany','Oderbergerstrasse 192/3','49-0506288',0.1)
insert into Customers values(125,1124,'Elias','Schultz','Augsburg','Germany','Kastanienallee 31/11','49-0557688',0.1)
insert into Customers values(126,1125,'Günter','Klein','Essen','Germany','Bahnhofstraße 82/5','49-0537333',Null)
SELECT * from Customers where CustomerId = 1130
insert into Customers values(127,1126,'Klaus','Fischer','Vienna','Austria','Kärntner Strasse 288/4','43-0557555',0.1)
insert into Customers values(128,1127,'Ursula','Bergmann','Vienna','Austria','Fleischmarkt 380/7','43-0567388',0.1)
insert into Customers values(129,1128,'Gisela','Köhler','Salzburg','Austria','Ringstrasse 49/7','43-0527111',0.1)
insert into Customers values(130,1129,'Paul','Jäger','Graz','Austria','Schönlaterngasse 155/9','43-0587689',0.1)
insert into Customers values(131,1130,'Alberto','Alvarez','Madrid','Spain','Calle Tantarantana 73/1','34-0547181',0.1)
insert into Customers values(132,1131,'Miguel','Obrador','Madrid','Spain','Calle de la Corrida 39/42','34-0557588',0.1)
insert into Customers values(133,1132,'Isabella','Martinez','Madrid','Spain','Calle de Cristo de la Repolla 2300/42','34-0551289',0.1)
insert into Customers values(134,1133,'Luis','Aguero','Barcelona','Spain','Calleja de las Flores 2300/42','34-0517188',0.1)
insert into Customers values(135,1134,'Vicente','Calderon','Barcelona','Spain','Calle de los ciegos 91/1','34-0517181',0.1)
insert into Customers values(136,1135,'Maria','Callejon','Barcelona','Spain','Robert Edwards 81/42','34-0557258',0.1)
insert into Customers values(137,1136,'Paula','Nunez de Silva','Valencia','Spain','Robert Edwards 322/4','34-0587888',0.1)
insert into Customers values(138,1137,'Nicolau','Antonescu','Chicago','Romania','Strada republicii 344/4','40-0557255',0.1)
insert into Customers values(139,1138,'Marina','Romanescu','Chicago','Romania','Piata Romana 122/8','40-0537122',0.1)
insert into Customers values(140,1139,'Lazlo','Michailescu','Chicago','Romania','Strada Panait Moşoiu 77/4','40-0547080',0.1)
insert into Customers values(141,1140,'Joao','Santos','Lisbon','Portugal','Avenida Almirante Reis 22/42','351-0547888',0.1)
insert into Customers values(142,1141,'Gonçalo','Fernandes','Lisbon','Portugal','Rua de Goa 88/42','351-0546289',0.1)
insert into Customers values(143,1142,'Leonor','Rodrigues','Porto','Portugal','Rua de Fátima  322/42','351-0511288',0.1)
insert into Customers values(144,1143,'Inês','Costa','Braga','Portugal','Rua de Santo Antonio 12/7','351-0512288',0.1)
insert into Customers values(145,1144,'Alexander','Marković','Belgrade','Serbia','Knez Mihaiolova 23/5','381-0557588',0.1)
insert into Customers values(146,1145,'Miroslav','Đorđević','Belgrade','Serbia','Robert Edwards 450/4','381-0537268',0.1)
insert into Customers values(147,1146,'Maria','Jovanović','Subotica','Serbia','Via Zmaj Jovina 22/9','381-05172810',0.1)
insert into Customers values(148,1147,'Anna','Nikolić','Kraljevo','Serbia','Kralja Petra 22/10','381-0522288',0.1)
insert into Customers values(149,1148,'Mikhail','Conrad','Požarevac','Serbia','Robert Edwards 2300/42','381-0547288',0.1)
insert into Customers values(150,1149,'Ivan','Horvat','Split','Croatia','Ulica Grofa Janka Draškovića 420/7','385-0537388',0.1)
insert into Customers values(151,1250,'Marija','Kovačević','Zagreb','Croatia','Babukićeva ulica 9/40','385-0527111',0.1)
insert into Customers values(152,1150,'Josip','Kovačić','Dubrovnik','Croatia','Ulica Bogovićeva 23/7','385-0527168',0.1)
insert into Customers values(153,1151,'Sait','Halilović','Sarajevo','Bosnia and Herzegovina','Bazardžani 123/19','387-0557285',0.1)
insert into Customers values(154,1152,'Alya','Ademović','Sarajevo','Bosnia and Herzegovina','Branilaca 255/22','387-0517239',0.1)
insert into Customers values(155,1153,'Michael','O`Brien','Dublin','Ireland','Michael Collins 8/5','353-0537218',0.1)
insert into Customers values(156,1154,'Nancy','O`Connell','Dublin','Ireland','Eamon De Valera 233/3','353-0557688',0.1)
insert into Customers values(157,1155,'Dimitris','Andrianakis','Athens','Greece','Agapinoros 722/6','30-0551388',0.1)
insert into Customers values(158,1156,'Theodore','Angelopoulos','Athens','Greece','Agathodemonos 126/12','30-0523188',0.1)
insert into Customers values(159,1157,'Daphne','Andino','Thessaloniki','Greece','Andrea Syngrou 81/7','30-0556888',0.1)
insert into Customers values(160,1158,'Iris','Alexopoulos','Nicosia','Cyprus','Agias Lavras 12/4','357-0547289',0.1)
insert into Customers values(161,1159,'Theo','Andrianakis','Limassol','Cyprus','Agiou Konstantinou 23/9','357-0557238',0.1)
insert into Customers values(162,1160,'Yusuf','Çalhanoğlu','Istanbul','Turkey','İsmet İnönü cd. 180/42','90-0557228',0.1)
insert into Customers values(163,1161,'Mehmet','Gündoğdu','Istanbul','Turkey','Mustafa Kemal Atatürk cd. 266/4','90-0537281',0.1)
insert into Customers values(164,1162,'Necip','Ibrahimoğlu','Istanbul','Turkey','Adnan Menderes sokak 81/2','90-0507188',0.1)
insert into Customers values(165,1163,'Derya','Necipoğlu','Istanbul','Turkey','Namık Kemal sk. 91/4','90-0537283',0.1)
insert into Customers values(166,1164,'Yunus','Diyarbakirli','Ankara','Turkey','Ziya Gökalp sk. 9/7','90-0537188',0.1)
insert into Customers values(167,1165,'Timur','Yılmaz','Ankara','Turkey','Ziya Paşa sk. 81/42','90-0507188',0.1)
insert into Customers values(168,1166,'Emre','Can','Ankara','Turkey','Sabiha Gökçen sk. 230/17','90-0537222',0.1)
insert into Customers values(169,1167,'Ilyas','Bektaşoğlu','Izmir','Turkey','Halide Edib Adivar cd. 77/42','90-0567188',0.1)


insert into Customers values(170,1168,'Necdet','Yılmaz','Izmir','Turkey','Safiye Ali sk. 88/4','90-0537658',0.1)
insert into Customers values(171,1169,'Ismet','Toprak','Bursa','Turkey','Selma Riza sk. 87/2','90-0587358',0.1)
insert into Customers values(172,1170,'Adem','Haliloğlu','Bursa','Turkey','Mehmed Akif Ersoy sk. 83/42','90-0527219',0.1)
insert into Customers values(173,1171,'Mahmut','Karamustafa','Adana','Turkey','Hati Çirpan cd. 88/5','90-0537688',0.1)
insert into Customers values(174,1172,'Dilek','Karakuş','Edirne','Turkey','Duygu Asena cd. 230/33','90-0537218',0.1)
insert into Customers values(175,1173,'Muce','Yılmaz','Marmaris','Turkey','Ahmet Hamdi Tanpınar cd. 87/22','90-0567188',0.1)
insert into Customers values(176,1174,'Ekrem','Yılmaz','Antalya','Turkey','Yusuf Akçura sk. 77/35','90-0537088',0.1)
insert into Customers values(177,1175,'Reza','Ozturk','Gazientep','Turkey','Şehbenderzâde Ahmed Hilmi cd. 82/37','90-0557388',0.1)
insert into Customers values(178,1176,'Recep','Cihatoğlu','Kayseri','Turkey','Mehmed Seyyid Çelebizâde cd. 166/4','90-0557583',0.1)
insert into Customers values(179,1177,'Halil','Niazov','Chicago','Azerbaijan','Haydar Ilayev 99/36','994-0557188',0.1)
insert into Customers values(180,1178,'Michael','Conrad','Chicago','Azerbaijan','Mujde Ilayev 83/2','994-0557128',0.1)
insert into Customers values(181,1179,'Josef','Kozashvilli','Tiblisi','Georgia','Zurab Gorgiladze st. 432/29','995-0544288',0.1)
insert into Customers values(182,1180,'Zurab','Kapanadze','Tiblisi','Georgia','Heidar Abashidze st. 81/27','995-0542318',0.1)
insert into Customers values(183,1181,'Nana','Kvaratskhelia ','Tiblisi','Georgia',' David Agmashenebeli av. 92/13','995-0517362',0.1)
insert into Customers values(184,1182,'Mario','Perinian','Yerevan','Armenia','Baghramyan av. 230/31','374-0547233',0.1)
insert into Customers values(185,1183,'Erik','Grigoryan','Yerevan','Armenia','A. Abovyan av. 133/32','374-0547255',0.1)
insert into Customers values(186,1184,'Milena','Gasparyan','Goris','Armenia','Tamanyan st. 88/25','374-0557185',0.1)
insert into Customers values(187,1185,'Viktor','Nagy','Budapest','Hungary','Lajos Kossuth hutza 712/32','36-0512388',0.1)
insert into Customers values(188,1186,'Helena','Kovács','Budapest','Hungary','Ferenc Rákóczi hutza 32/23','36-0557288',0.1)
insert into Customers values(189,1187,'Bela','Szabó','Chicago','Hungary','György Dózsa hutza 2300/20','36-0507088',0.1)
insert into Customers values(190,1188,'Andrea','Varga','Chicago','Hungary','Sándor Petőfi hutza 89/11','36-0527988',0.1)
insert into Customers values(191,1189,'Miklos','Horváth','Chicago','Hungary','Miklós Horthy hutza 2300/12','36-0527388',0.1)
insert into Customers values(192,1190,'Vladislav','Nowak','Warsaw','Poland','Leśna st. 453/23','48-0571282',0.1)
insert into Customers values(193,1191,'Maria','Kowalska','Krakow','Poland','Słoneczna st. 73/30','48-0557118',0.1)
insert into Customers values(194,1192,'Lech','Wiśniewski ','Ljublin','Poland','Krótka st. 11/4','48-0547118',0.1)

update Customers set City = 'Szeged' where City = 'Chicago' and CustomerId = 1189

insert into Customers values(195,1193,'Jose','Maria Callejon','Mexico City','Mexico','Avenida de Miguel Hidalgo 120/22','52-0557588',0.1)
insert into Customers values(196,1194,'Daniella','Ramirez','Mexico City','Mexico','Calle de Álvaro Obregón 91/11','52-0527008',0.1)
insert into Customers values(197,1195,'Juana','Gonzalez','Mexico City','Mexico','Calle de Presidente Masaryk 21/10','52-0507018',Null)
insert into Customers values(198,1196,'Joaquin','Domínguez','Cancun','Mexico','Calle de Bucareli 11/8','52-0557253',0.1)
insert into Customers values(199,1197,'Leonardo','Herrera','Cancun','Mexico','Avenida de los Insurgentes 23/2','52-0557188',0.1)
insert into Customers values(200,1198,'Maricruz','Jimenez','Tijuana','Mexico','Paseo de la Reforma 12/2','52-0577288',0.1)
insert into Customers values(201,1199,'Gustavo','Salvatore','Tijuana','Mexico','Avenida Amsterdam 12/9','52-0517188',0.1)
insert into Customers values(202,1200,'Miguel','Hernan Castro','Morelia','Mexico','Calle de Genova 133/11','52-0537383',0.1)
insert into Customers values(203,1201,'Xavier','Suarez','Morelia','Mexico','Calle de Regina 15/4','52-0557258',0.1)
insert into Customers values(204,1202,'Daniel','Ortega ','Oaxaca','Mexico','Calle Dr Mora 9/35','52-0557288',0.1)
insert into Customers values(205,1203,'Ángel','Pérez','Guadalajara','Mexico','Calle Higuera 23/33','52-0517118',0.1)
insert into Customers values(206,1204,'Luna','Sánchez ','Puebla','Mexico','Calle de La Cenicienta 91/2','52-0527398',0.1)
insert into Customers values(207,1205,'Ezgi','Yürük,','Eskişehir','Turkey','Celaludin Rumi 28/22','90-0551238',0.1)
insert into Customers values(208,1206,'Stefano','Peron','Buenos Aires','Argentina','Diego Armando Maradona 23/22','54-0557588',0.1)
insert into Customers values(209,1207,'Mikel','Veron','Buenos Aires','Argentina','Calle de Juan Peron 91/33','54-0557181',0.1)
insert into Customers values(210,1208,'Daniella','Marquez','Cordoba','Argentina','Calle de Gabriel Garcia Marquez 23/11','54-0517218',0.1)
insert into Customers values(211,1209,'Luna','Iglesias','Cordoba','Argentina','Calle de Mercedes Souza 230/11','54-0577212',0.1)
insert into Customers values(212,1210,'Juana','García','Rosario','Argentina','Calle de Escalada 23/13','54-0537183',0.1)
insert into Customers values(213,1211,'Ines','Torres','Rosario','Argentina','Calle de Caminito  200/19','54-0537214',0.1)
insert into Customers values(214,1212,'Diego','Vázquez','Santiago','Chile','Calle de Barrio Italia 12/11','56-0513218',0.1)
insert into Customers values(215,1213,'Lionel','Gómez','Valparaiso','Chile','Calle Pedro de Valdivia 20/21','56-0547258',0.1)
insert into Customers values(216,1214,'Jose','Luis Chilavert','Arica','Chile','Calle de Paseo Bulnes 2/1','56-0557585',0.1)
insert into Customers values(217,1215,'Ernesto','Rodriguez','Bogota','Colombia','Calle de Gabriel Garcia Marquez 23/15','57-0557118',0.1)
insert into Customers values(218,1216,'Raul','Guerrero','Bogota','Colombia','Calle de Carlos Valderama 83/22','57-0557251',0.1)
insert into Customers values(219,1217,'Pablo','Marias Vega ','Bogota','Colombia','Calle Catedral de Sal de Zipaquirá 22/42','57-0517218',0.1)
insert into Customers values(220,1218,'Marina','Alvarez','Bogota','Colombia','Calle de El Cartucho 33/10','57-0517308',0.1)
insert into Customers values(221,1219,'Gilberto','Almeida de Silva','Rio de Janeiro','Brazil','Calle de El Cartucho 25/42','55-0557288',0.1)
insert into Customers values(222,1220,'Diego','Amado','Rio de Janeiro','Brazil','Calle de El Cartucho 11/22','55-0557188',0.1)
insert into Customers values(223,1221,'Jorge','Magalhães','Sao Paulo','Brazil','Calle Catedral de Sal de Zipaquirá 12/7','55-0507298',0.1)
insert into Customers values(224,1222,'Miguel','Queirós','Rio de Janeiro','Brazil','Calle de Paseo Bulnes 15/35','55-0527555',0.1)
insert into Customers values(225,1223,'Maria','Teixeira','Sao Paulo','Brazil','Calle de Gabriel Garcia Marquez 23/7','55-0522228',0.1)
insert into Customers values(226,1224,'Jose','Luiz Fernandinho','Rio de Janeiro','Brazil','Calle de Nossa Senhora Aparecida 288/26','55-0507203',0.1)
insert into Customers values(227,1225,'Antonia','Conceição','Sao Paulo','Brazil','Calle de Sao Bonfim 230/2','55-0567648',0.1)
insert into Customers values(228,1226,'Juliana','Vidal de Oliveira','Curitiba','Brazil','Calle de St Basileus of Braga 122/12','55-050088',0.1)
insert into Customers values(229,1227,'Francisca','Giovanni','Curitiba','Brazil','Calle Sao Nuño de Santa Maria Álvares Pereira  230/22','55-0547288',Null)
insert into Customers values(230,1228,'Ana','Rudiger','Brasilia','Brazil','Calle Sao Sebastian 240/22','55-0527388',Null)
insert into Customers values(231,1229,'Jorge','Haddad','Brasilia','Brazil','Calle Roque González y de Santa Cruz  200/22','55-0527388',Null)
insert into Customers values(232,1230,'Nelson','Santana','Salvador','Brazil','Calle Adolfo Rodríguez Obnel 23/22','55-0537388',Null)
insert into Customers values(233,1231,'Felice','Rossini','Salvador','Brazil','Calle Amabile Visintainer 23/22','55-0517288',NUll)
insert into Customers values(234,1232,'Alex','Santos','Goiânia','Brazil','Calle Antonio Galvao de Franca 230/24','55-0517188',NUll)
insert into Customers values(235,1233,'Marcelo','Ferreira Viçoso','Anapolis','Brazil','Calle José de Anchieta 23/29','55-0557588',NUll)
insert into Customers values(236,1234,'Attillio','de Paula Victor','Luziania','Brazil','Calle Maria Rita Lopes Pontes de Souza Brito 26/2',Null,NUll)
insert into Customers values(237,1235,'Manuel','Gomez','Rio Verde','Brazil','Calle Mariano de la Mata Aparicio 230/42',Null,0.1)
insert into Customers values(238,1236,'Adillio','Daronch','Uberlândia','Brazil','Calle de Manuel Gómez González 2300/42',Null,0.1)
insert into Customers values(239,1237,'Alberto','de Anchieta','Belo Horizonte','Brazil','Calle Francisco de Paula Victor 2300/42',Null,NUll)
insert into Customers values(240,1238,'Adolfo','Rodriguez Obnel','Porto Alegre','Brazil','Calle Maria Dulce Rodrigues dos Santos 2300/42',Null,Null)
insert into Customers values(241,1239,'Juliana','Martinez','Porto Alegre','Brazil','Calle Maria da Conceição Santos 2300/42',Null,0.1)

update Customers set Address = 'Ibn al Arabi 33/7' where City = 'Kuwait City' and CustomerId = 1242

insert into Customers values(242,1240,'Mustafa','Abu-Taher','Kuwait City','Kuwait','Sheikh Ridwan 22/42','965-0557288',0.1)
insert into Customers values(243,1241,'Muhammad','Abu-Marzuk','Kuwait City','Kuwait','Sheikh Qasim abu-Haj 230/33','965-0557238',Null)
insert into Customers values(244,1242,'Said','El-Muaatar','Kuwait City','Kuwait','Robert Edwards 20/13','965-0557208',Null)
insert into Customers values(245,1243,'Najwa','Abu-Aref','Manama','Bahrain','El Ghazzali 23/9','973-0557211',Null)
insert into Customers values(246,1244,'Samir','Abu-Qasm','Manama','Bahrain','Malik el-Khalifa 2/17','973-0551288',0.1)
insert into Customers values(247,1245,'Marwa','Abu-Ramzi','Manama','Bahrain','Malik el-Khalifa 20/19','973-0553238',0.1)
insert into Customers values(248,1246,'Ahmad','Abu-Rauf','Dubai','UAE','Sheikh Rashid bin Saeed Al Maktoum 230/4','971-0537280',Null)
insert into Customers values(249,1247,'Nasser','A-Sayed','Dubai','UAE','Sheikh Rashid bin Saeed Al Maktoum 23/4','971-0567248',0.1)
insert into Customers values(250,1248,'Hiba','Abu-Harb','Abu-Dhabi','UAE','Sheikh Aref bin Saeed Al Maktoum 200/17','971-0517218',Null)
insert into Customers values(251,1249,'Amir','Abu-Maaruf','Abu-Dhabi','UAE','Sheikh Muhammad bin Saeed Al Maktoum 24/2','971-0527888',Null)
insert into Customers values(252,1250,'Ziyad','Abu-Walid','Abu-Dhabi','UAE','Sheikh Omar bin Saeed Al Maktoum 23/17','971-0537288',Null)
insert into Customers values(253,1251,'Hakim','Ben-Jelloun','Fez','Morocco','Malik Muhammad el-Hamis 23/16','212-0533388',0.1)
insert into Customers values(254,1252,'Maisa','E-Nesyri','Rabat','Morocco','Malik Hassan a-Thani 290/4','212-0553288',0.1)
insert into Customers values(255,1253,'Yasser','Abu-Hamdallah','Casablanca','Morocco','Malik Muhammad al-rabiyi  200/42','212-0532288',0.1)
insert into Customers values(256,1254,'Saida','Ben-Habib','Tunis','Tunisia','ch. Habib Bourgiba 200/13',Null,Null)
insert into Customers values(257,1255,'Sadeq','Abu-Muhsen','Tunis','Tunisia','ch. Habib Bourgiba 370/25',Null,Null)
insert into Customers values(258,1256,'Josef','Anyema','Johanesbourg','South Africa','Nelson Mandela 200/33','27-0517188',0.1)
insert into Customers values(259,1257,'Rajip','Nehru','New Delhi','India','Mahatma Ghandi st. 430/4',Null,0.1)
insert into Customers values(260,1258,'Rishi','Singh','New Delhi','India','Mahatma Ghandi st. 200/7','91-0557288',0.1)
insert into Customers values(261,1259,'Sunetra','Ghandi','New Delhi','India','Connaught Place 23/42','91-0557288',0.1)
insert into Customers values(262,1260,'Aarav','Acharya','New Delhi','India','Dadabhai Naoroji Road 300/2','91-0507088',0.1)
insert into Customers values(263,1261,'Abha','Agarwal','New Delhi','India','Rajesh Pilot Marg 210/32','91-0547688',0.1)
insert into Customers values(264,1262,'Abishek','Patel','Mumbai','India','Rafi Marg	122/4','91-0537988',0.1)
insert into Customers values(265,1263,'Abhay','Laghari','Mumbai','India','Rajaji Marg 300/12','91-0517388',0.1)
insert into Customers values(266,1264,'Aditi','Anand','Mumbai','India','Subramania Bharti Marg 20/32','91-0567298',0.1)
insert into Customers values(267,1265,'Arundhati','Laghari','New Delhi','India','Sardar Patel Marg 11/9','91-0587338',0.1)
insert into Customers values(268,1266,'Akanksha','Conrad','Goa','India','Shrimant Madhavrao Scindia Marg 16/4','91-0551288',0.1)
insert into Customers values(269,1267,'Devanand','Khatri','Calcuta','India','Balwant Rai Mehta Lane 65/42','91-0537288',0.1)
insert into Customers values(270,1268,'Jagannatha','Babu','Agra','India','Fontainhas 16/5','91-0571288',0.1)
insert into Customers values(271,1269,'Hiyan','Chowdhury','Agra','India','Tolstoy Marg 43/2','91-0597188',0.1)
insert into Customers values(272,1270,'Karishma','Chakrabarti','Chicago','India','Hazratganj 2300/42','91-0547288',0.1)
insert into Customers values(273,1271,'Kumar','Chawla','Chicago','India','Kasturba Gandhi Marg 80/2','91-0537280',0.1)
insert into Customers values(274,1272,'Asim','Mehmedayev','Astana','Kazakhstan','Nur-Sultan Nazarbayev 230/2','7-0537088',0.1)
insert into Customers values(275,1273,'Khadija','Abdulayev','Astana','Kazakhstan','Nur-Sultan Nazarbayev 70/2','7-0517388',0.1)
insert into Customers values(276,1274,'Ali','Asanbayev','Nur-Sultan','Kazakhstan','Nur-Sultan Nazarbayev 77/12','7-0507278',0.1)
insert into Customers values(277,1275,'Osman','Muratov','Bishkek','Kyrgyzstan','Chingiz Aitmatov 200/14','996-0555288',0.1)
insert into Customers values(278,1276,'Karima','Timorov','Bishkek','Kyrgyzstan','Chingiz Aitmatov 23/33','996-0537188',0.1)
insert into Customers values(279,1277,'Islam','Namirov','Tashkent','Uzbekistan','Islam Karimov 123/4','998-0517288',0.1)
insert into Customers values(280,1278,'Derya','Karimov','Samarkand','Uzbekistan','Leon Trotsky 123/7','998-0587188',0.1)
insert into Customers values(281,1279,'Naima','Saidov','Bukhara','Uzbekistan','El Farabi 200/12','998-0557288',0.1)
insert into Customers values(282,1280,'Emir','Yusufayev','Khiva','Uzbekistan','Islam Karimov 12/42','998-0557288',0.1)
insert into Customers values(283,1281,'Halima','Ilhanov','Tashkent','Uzbekistan','Albert Einstein 230/2','998-0577288',0.1)
insert into Customers values(284,1282,'Said','Walidov','Khiva','Uzbekistan','Islam Karimov Edwards 200/2','998-0517288',0.1)
insert into Customers values(285,1283,'Shinzo','Nagamoto','Tokyo','Japan','Kappabashi-dori 12/42','81-0557288',0.1)
insert into Customers values(286,1284,'Daiki','Naguro','Tokyo','Japan','Mita Dōri 230/2','81-0557188',0.1)
insert into Customers values(287,1285,'Hiroshi','Taishi','Kyoto','Japan','Mita Dōri 20/9','81-0501288',0.1)
insert into Customers values(288,1286,'Haruka','Hishohiro','Kyoto','Japan','Kappabashi-dori 1/2','81-0511288',0.1)
insert into Customers values(289,1287,'Hisako','Korasawa','Kobe','Japan','Jinichiro Saki 12/42','81-0581288',Null)
insert into Customers values(290,1288,'Amida','Hirohito','Yokohama','Japan',Null,'81-0527288',0.1)
insert into Customers values(291,1289,'Kazuko','Abe','Kobe','Japan',Null,'81-0557288',0.1)
insert into Customers values(292,1290,'Ichika','Koizumi','Tokyo','Japan','Chiune Sugihara 231-44','81-0530288',0.1)
insert into Customers values(293,1291,'Kaori','Yamamoto','Tokyo','Japan','Chiune Sugihara 122-12','81-0517288',0.1)
insert into Customers values(294,1292,'Akihiko','Takashi','Osaka','Japan',Null,'81-0527288',0.1)
insert into Customers values(295,1293,'Atsushi','Tanaka','Osaka','Japan',Null,'81-0537288',0.1)
insert into Customers values(296,1294,'Daichi','Ito','Sapporo','Japan',Null,'81-0517280',0.1)
insert into Customers values(297,1295,'Eichi','Nakamura','Fukuoka','Japan',Null,'81-0527188',0.1)
insert into Customers values(298,1296,'Mitsuo','Watanabe','Nagoya','Japan',Null,'81-0537288',0.1)
insert into Customers values(299,1297,'Naoko','Sugimoto','Yokohama','Japan',Null,'81-0537288',0.1)
insert into Customers values(300,1298,'Nobu','Takahashi','Sendai','Japan',Null,'81-0517288',0.1)
insert into Customers values(301,1299,'Yong','Kim','Seoul','South Korea','Dongdaemun 13/4','82-0533288',0.1)
insert into Customers values(302,1300,'Hwa-Young','Lee','Seoul','South Korea','Jongno 230/13','82-0511288',Null)
insert into Customers values(303,1301,'Hwan','Park','Seoul','South Korea','Myeongdong 15/42','82-0513288',0.1)
insert into Customers values(304,1302,'Seung','Jung','Busan','South Korea','Hongdae  210/4','82-0535288',0.1)
insert into Customers values(305,1303,'Yong-sun','Kang','Busan','South Korea','Namdaemun-ro 86/33','82-0557788',Null)
insert into Customers values(306,1304,'Chin','Cho','Daegu','South Korea','Samcheongdong-gil Road 122/44','82-0511288',Null)
insert into Customers values(307,1305,'Hu','Kai-Shak','Taipei','Taiwan','Samcheongdong-gil Road 191/22','886-0556188',0.1)
insert into Customers values(308,1306,'Jo','En-Lai','Hong Kong City','Hong Kong','Chang Kai Xek 122/33','852-0557380',0.1)
insert into Customers values(309,1307,'Michael','Davies','Toronto','Canada','Robert J Edwards 230/11','1-0537988',0.1)
insert into Customers values(310,1308,'Therese','Courtois','Montreal','Canada','Jacques Brel 133/12','1-0557338',0.1)
insert into Customers values(311,1309,'Sarah','Rogers','Toronto','Canada','Edgar Smith Jr 12/7','1-0532288',0.1)
insert into Customers values(312,1310,'Owen','O`brien','Calgary','Canada','Pierre Trudeau 13/43','1-0557348',0.1)
insert into Customers values(313,1311,'Conrad','Jackson','Calgary','Canada','St. Francis 17/22','1-0537998',0.1)
insert into Customers values(314,1312,'Michel','LeClerq','Montreal','Canada','Edith Piaf 35/11','1-0500288',0.1)
insert into Customers values(315,1313,'Josephine','LeBlanc','Montreal','Canada','Emil Zola 13/29','1-0535588',0.1)
insert into Customers values(316,1314,'Jerry','Kewell','Melbourne','Australia','Billy Jean 21/33','61-0553988',0.1)
insert into Customers values(317,1315,'Jenny','Muriel','Sydney','Australia','Mark Twain 22/43','61-0517108',0.1)
insert into Customers values(318,1316,'Ian','Oswald','Sydney','Australia','Ernest Hemingway 13/4','61-0537088',0.1)
insert into Customers values(319,1317,'Vincent','Juliard','Perth','Australia','Robert Drake 33/2','61-0559288',0.1)
insert into Customers values(320,1318,'Terry','Burns','Auckland','New Zealand','Robert Samuels 33/42','64-05451288',0.1)
insert into Customers values(321,1319,'Althea','Duterte','Manila','Phillipines','Romualdez Street 2/7','63-0557188',0.1)
insert into Customers values(322,1320,'Amihan','Marcus','El Salvador City','Phillipines','Mandaluyong st. 215/33','63-0527128',0.1)
insert into Customers values(323,1321,'Luwalhati','dela Cruz','Canlaon City','Phillipines','Rada Street 84/3','63-0537889',0.1)
insert into Customers values(324,1322,'Sampaguita','Garcia','Candon','Phillipines','Bonny Serrano Avenue 33/19','63-0532088',0.1)
insert into Customers values(325,1323,'Tala','Reyes','Davao City','Phillipines','Gil Puyat Avenue 19/42','63-0507208',0.1)
insert into Customers values(326,1324,'Mohammed','Al-Attas','Jakarta','Indonesia','Braga Street 2/7','62-0517288',Null)
insert into Customers values(327,1325,'Pangeran','Garamata','Jakarta','Indonesia','Malioboro 21/4','62-0531288',Null)
insert into Customers values(328,1326,'Mohammad Husni','Tharmin','Bandung','Indonesia','Harapan Indah 2300/42','61-0547283',Null)
insert into Customers values(329,1327,'Abas','Shihab','Surabaya','Indonesia','Jalan Jaksa Street 2300/42','62-0547288',0.1)
insert into Customers values(330,1328,'Akhyar','Samudra','Medan','Indonesia','M H Thamrin Street 23/33','62-0551288',0.1)
insert into Customers values(331,1329,'Farah','Uwir','Yogyakarta','Indonesia','Jenderal Sudirma Street 2/13','62-0557288',0.1)
insert into Customers values(332,1330,'Farida','Tanjung','Semarang','Indonesia','Gajah Mada st. 2/9','62-0567988',0.1)
insert into Customers values(333,1331,'Samira','Perbesi','Denpasar','Indonesia','Gatot Subroto st. 23/25','62-0550288',0.1)
insert into Customers values(334,1332,'Jamillah','Sinurat','Balikpasan','Indonesia','Mohammed Hatta st. 23/18','62-0578288',0.1)
insert into Customers values(335,1333,'Encep','Benjerang','Jayapura','Indonesia','Sisingamangaraja st. 21/13','62-0556288',0.1)
insert into Customers values(336,1334,'Gamal','Babo','Kota Ambon','Indonesia','Wolter Monginsidi st. 20/23','62-0557288',0.1)
insert into Customers values(337,1335,'Cakra','Karo-karo','Palembang','Indonesia','Yos Sudarso st. 20/12','62-0559288',0.1)
insert into Customers values(338,1336,'Bombang','Ketaren','Batam','Indonesia','Pangeran Diponegoro st. 23/41','62-0547288',0.1)
insert into Customers values(339,1337,'Habibah','Tarigan','Malang','Indonesia','Sutan Syahrir st. 25/11','62-0535288',0.1)
insert into Customers values(340,1338,'Hamdi','Ulunjandi','Banjarmasin','Indonesia','Imam Bonjol st. 3/40','62-0517210',0.1)
insert into Customers values(341,1339,'Emma','Tarantino','New York','USA','La Guardia 12/4','1-0537218',Null)
insert into Customers values(342,1340,'Peter','Nicholson','Miami','USA','JFK 13/42','1-0532288',Null)
insert into Customers values(343,1341,'Michael','Louis','Miami','USA','FDR 3/12','1-0517188',0.1)
insert into Customers values(344,1342,'Barry','Givens','Miami','USA','Ronald Reegan av. 19/12','1-0547288',0.1)
insert into Customers values(345,1343,'Harriet','Bowens','Miami','USA','Martin Luther King jr. 31/19','1-0537280',Null)
insert into Customers values(346,1344,'Larry','Stanton','Sprinfield','USA','Robert Kennedy 2/19',Null,0.1)
insert into Customers values(347,1345,'Amelia','Carter','Paris','USA',Null,Null,0.1)
insert into Customers values(348,1346,'David','Mc`Grady','Tulsa','USA','Robert Lee 25/19',Null,0.1)
insert into Customers values(349,1347,'Joel','Newmann','Indianapolis','USA','Richard Nixon 22/19',Null,0.1)
insert into Customers values(350,1348,'Yau','Tan','Singapore City','Singapore','Jacky Ma 11/42','65-0557188',0.1)
insert into Customers values(351,1349,'Adriel','Lim','Singapore City','Singapore','Robert Edwards 230/2','65-0517188',0.1)
insert into Customers values(352,1350,'Ainsley','Lee','Yishun','Singapore','Albert Einstein 13/19','65-0543288',0.1)
insert into Customers values(353,1351,'Amandaz','Wong','Jurong','Singapore',Null,Null,0.1)
insert into Customers values(354,1352,'Aria','Goh','Bukit Panjang','Singapore',Null,Null,0.1)
insert into Customers values(355,1353,'Gordon','Ong','Jurong West','Singapore',Null,Null,0.1)
insert into Customers values(356,1354,'Eugene','Chua','Ang Mo Kiu','Singapore',Null,Null,0.1)
insert into Customers values(357,1355,'Averie','Low','Bukit Batok','Singapore',Null,Null,0.1)
insert into Customers values(358,1356,'Ava','Chong','Kampong Ubi','Singapore',Null,Null,0.1)
insert into Customers values(359,1357,'Jason','Chan','Tengah','Singapore',Null,Null,0.1)
insert into Customers values(360,1358,'Joseph','Chua','Jurong East','Singapore',Null,Null,0.1)
insert into Customers values(361,1359,'Reza','Yeo','Yishun','Singapore',Null,Null,0.1)
insert into Customers values(362,1360,'Ashley','Teo','Woodlands','Singapore',Null,Null,0.1)
insert into Customers values(363,1361,'Charyl','Ong','Clementi','Singapore',Null,Null,0.1)
insert into Customers values(364,1362,'Kenneth','Chung','Hougang','Singapore',Null,Null,0.1)
insert into Customers values(365,1363,'Lim','Sim','Newton','Singapore',Null,Null,0.1)
insert into Customers values(366,1364,'Tian','Ng','Novena','Singapore',Null,Null,0.1)
insert into Customers values(367,1365,'Cherilyn','Koh','Tampines','Singapore',Null,Null,0.1)
insert into Customers values(368,1366,'Ellie','Lin','Rochor','Singapore',Null,Null,0.1)
insert into Customers values(369,1367,'Haim','Moshe','Holon','Israel','Yohana Jabutinski 21/33','972-0537188',0.1)
insert into Customers values(370,1368,'Wasim','Abu-Nimri','Sakhnin','Israel','Mahmoud Darwish 33/12','972-0547182',0.1)
insert into Customers values(371,1369,'Zaynab','Abu-Basem','Jaljoulia','Israel','Emil Habibi 27/19','972-0507388',0.1)
insert into Customers values(372,1370,'Pini','Mor-Yossef','Jerusalem','Israel','Menachem Begin 33/19','972-0507088',0.1)
insert into Customers values(373,1371,'Dror','Rabinovich','Haifa','Israel','Haim Hertzog 15/33','972-0537988',0.1)
insert into Customers values(374,1372,'Oleg','Dershowitz','Karmiel','Israel','Haaganah 28/11','972-0557218',0.1)
insert into Customers values(375,1373,'Nimrod','Alalouf','Nahariya','Israel','Yitzhak Ben Zvi st. 92/11','972-0537288',0.1)
insert into Customers values(376,1374,'Boaz','Buskila','Tiberias','Israel','Rabi Shimon Bar Yochai st. 34/11','972-0537088',0.1)
insert into Customers values(377,1375,'Miri','Horowitz','Ramat-Gan','Israel','David Ben Gurion st. 38/8','972-0537283',0.1)
insert into Customers values(378,1376,'Shaul','Amsalem','Bat-Yam','Israel','Haetzel 25/11','972-0527388',0.1)
insert into Customers values(379,1377,'Lior','Amzaleg','Ofakim','Israel','Hababa Sali 11/3','972-0541218',0.1)
insert into Customers values(380,1378,'Jamila','Abu-Hamdani','Manama','Bahrain','Malik el Makhtoum st. 11/23','973-0517988',0.1)
insert into Customers values(381,1379,'Jamal','El-Bassiouni','Manama','Bahrain','Jannusan Avenue 2300/42','973-0530288',0.1)
insert into Customers values(382,1380,'Tareq','Abu-Aziz','Manama','Bahrain','Al-Shabab Avenue-41/42','973-0550288',0.1)
insert into Customers values(383,1381,'Djibril','Abu-Tayeb','Riffa','Bahrain','Riffa-Bu Kwarah 11/9','973-0527588',0.1)
insert into Customers values(384,1382,'Rashid','Abu-Walid','Muharraq','Bahrain','Omar ibn al Khattab st. 20/13','973-0530288',0.1)
insert into Customers values(385,1383,'Rashida','El-Hakim','Al Qadam','Bahrain','Al-fajjar st. 12/19','973-0527388',0.1)
insert into Customers values(386,1384,'Fahed','Abu-Mansur','Isa Town','Bahrain','El Khalijh st. 39/22','973-0557201',0.1)
insert into Customers values(387,1385,'Basem','El-Qayam','Al Malikiyah','Bahrain',Null,Null,0.1)
insert into Customers values(388,1386,'Ghaed','Abu-Saleh','Budaiyah','Bahrain',Null,Null,0.1)
insert into Customers values(389,1387,'Munir','Abu-Shadhli','Hamad Town','Bahrain',Null,Null,0.1)
insert into Customers values(390,1388,'Atef','Abu-Tir','Jidhafs','Bahrain',Null,Null,0.1)
insert into Customers values(391,1389,'Jalal','El-Hamdani','Al Hajar','Bahrain',Null,Null,0.1)
insert into Customers values(392,1390,'Jihad','Abu-Marwan','Murqoban','Bahrain',Null,Null,0.1)
insert into Customers values(393,1391,'Yahya','Abu-Zayed','Al Maqsha','Bahrain',Null,Null,0.1)
insert into Customers values(394,1392,'Salah','Marwan','A`ali','Bahrain',Null,Null,0.1)
insert into Customers values(395,1393,'Fatime','Krasniqi','Pristina','Kosovo','Sadik Bekteshi 19/30','383-0551288',0.1)
insert into Customers values(396,1394,'Thomas','Villa','Valletta','Malta','Dalaras 27/36','356-0507088',0.1)
insert into Customers values(397,1395,'þórr','Garcia','Andora la Vella','Andora','Villa Ecclesia 21/2','376-0517288',0.1)
insert into Customers values(398,1396,'Bill','Shilton','Ottawa','Canada','Joseph Boyden st. 23/29','1-0557378',0.1)
insert into Customers values(399,1397,'Elmer','Hilton','Vancouver','Canada','Alice Munro st. 2/17','1-0547777',0.1)
insert into Customers values(400,1398,'Shelly','Ryan','London','Canada','L.M. Montgromery st. 19/27','1-054772',0.1)
insert into Customers values(401,1399,'Tobias','Hodgson','Ottawa','Canada','Robertson Davies st. 33/13','1-0557388',0.1)
insert into Customers values(402,1400,'Hassan','Musharaf el Shalgoumi','Alexandria','Egypt','Jamal abd el Nasser st. 93/17','20-0531288',0.1)
insert into Customers values(403,1401,'Cesar','Valdez','Kito','Ecuador','calle de Mario vargas josa 49/16',Null,Null)
insert into Customers values(404,1402,'Ozge','Arslan','Istanbul','Turkey','Ismet Inonu 13/16',Null,Null)
insert into Customers values(405,1403,'Murat','Çağatay','Istanbul','Turkey','Mustaf Kemal Attaturk 19/33',Null,Null)
insert into Customers values(406,1404,'Ismet','Tahincioğlu','Istanbul','Turkey','Necmettin Erbakan 33/36',Null,Null)
insert into Customers values(407,1405,'Nusret','Süleymanoğlu','Istanbul','Turkey','Necmettin Erbakan cd. 188/36',Null,Null)
insert into Customers values(408,1406,'Yiğit','Sarıkaya','Istanbul','Turkey','Suleyman Kanuni 122/26',Null,Null)
insert into Customers values(409,1407,'Yasemin','Şentürk','Istanbul','Turkey','Suleyman Demiral 25/29',Null,Null)
insert into Customers values(410,1408,'Selim','Tüfekçi','Istanbul','Turkey','Celaluddin Rumi 38/42',Null,Null)
insert into Customers values(411,1409,'Tuğce','Yıldırım','Istanbul','Turkey','Turgut Ozal cd. 23/19',Null,Null)
insert into Customers values(412,1410,'Mevlut','Kaya','Istanbul','Turkey','Turgut Ozal sk. 17/30',Null,Null)
insert into Customers values(413,1411,'Meryem','Türkay','Istanbul','Turkey','Yusuf Akçura cd. 48/18',Null,Null)
insert into Customers values(414,1412,'Sait','Nurcu','Istanbul','Turkey','Suleyman Demirel 33/40',Null,Null)
insert into Customers values(415,1413,'Pelin','Şimşek','Bodrum','Turkey','Adnan Menderes 83/11',Null,Null)
insert into Customers values(416,1414,'Fulya','Yalçın','Van','Turkey','Sheikh Bedreddin cd. 11/19',Null,Null)
insert into Customers values(417,1415,'Fevzi','Yalçınkaya','Kars','Turkey','Sheikh Bedreddin cd. 11/12',Null,Null)
insert into Customers values(418,1416,'Cengiz','Polat','Batman','Turkey','Remzi Sözen cd. 12/4',Null,Null)
insert into Customers values(419,1417,'Sabri','Koçyiğit','Erzurum','Turkey','Barbaros Boulevard 230/17',Null,Null)
insert into Customers values(420,1418,'Fethi','Necdetoğlu','Izmit','Turkey','Ayten Sokak 23/23',Null,Null)
insert into Customers values(421,1419,'Ipek','Dundar','Aydın','Turkey','Cinnah cd. 200/q7','522-0517188',0.1)
insert into Customers values(422,1420,'Tarkan','Öçal','Denizli','Turkey','Ghandi cd. 210/17','90-0537288',0.1)
insert into Customers values(423,1421,'Sevgi','Doğan','Uşak','Turkey','Robert Kennedy 210/42','90-0536288',0.1)
insert into Customers values(424,1422,'Emin','Eyüpoğlu ','Turgutlu','Turkey','Istiklal cd. 13/11','90-0517288',0.1)
insert into Customers values(425,1423,'Serkan','Kılıçdaroğlu','Kütahya','Turkey','Adnan Menderes cd. 20/2','90-0547008',0.1)
insert into Customers values(426,1424,'Lautaro','Videla','Buenos Aires','Argentina','Calle de Juan Peron 17/12','54-0517288',0.1)
insert into Customers values(427,1425,'Alejandra','Pasarela','Buenos Aires','Argentina','Calle de Isabelle Peron 21/2','54-0533588',0.1)
insert into Customers values(428,1426,'Ivan','	Arias','Rosario','Argentina','Robert Edwards 2300/42',Null,Null)
insert into Customers values(429,1427,'Mario','Acosta','Bahia Blanca','Argentina','Avenida 9 de Julio 1/42','54-0537688',0.1)
insert into Customers values(430,1428,'Rafael','Otero','Mar del Plata','Argentina','Robert Edwards 2300/42','54-0547288',0.1)
insert into Customers values(431,1429,'Salva','Rey','Santa fe','Argentina','Robert Edwards 2300/42','54-0547288',0.1)
insert into Customers values(432,1430,'Alfredo','Rojas','Salta','Argentina','Robert Edwards 2300/42',Null,Null)
insert into Customers values(433,1431,'Mikel','de Molina','La Rioja','Argentina','Robert Edwards 11/42',Null,Null)
insert into Customers values(434,1432,'Umberto','Russo','Mendoza','Argentina','Robert Edwards 33/12',Null,Null)
insert into Customers values(435,1433,'Alvaro','Castillo','San Luis','Argentina','Avenida Figueroa Alcorta 20/2',Null,Null)
insert into Customers values(436,1434,'Michael','Quiroga','Villa Maria','Argentina','Avenida Figueroa Alcorta 21/7',Null,Null)
insert into Customers values(437,1435,'Eva','Carizzo','Comodoro Rivadavia','Argentina','Avenida del Flores 2/14',Null,Null)
insert into Customers values(438,1436,'Vicente','Figueroa','San Rafael','Argentina','Avenida de Mayo 12/9',Null,Null)
insert into Customers values(439,1437,'Clara','Villalba','Santiago','Chile','Avenida Rivadavia 23/12','56-0537188',0.1)
insert into Customers values(440,1438,'Vitorio','Guzmán','Villa Maria','Argentina','Vicente Calderon st. 25/34','54-0517218',0.1)
insert into Customers values(441,1439,'Gustavo','Ramirez Vargas','Antofagasta','Chile','Robert Edwards 2300/42','56-0537218',0.1)
insert into Customers values(442,1440,'Hernan','Carrizo','San Luis','Argentina','Avenida Raúl Scalabrini Ortiz 12/3','54-0567288',0.1)
insert into Customers values(443,1441,'Martin','Caceres','Montevideo','Uruguay','Avenida La Revolutia 212/4','598-0517088',0.1)
insert into Customers values(444,1442,'Paco','Ibanez','Salto','Uruguay','Avenida Córdoba 13/19','598-0535288',0.1)
insert into Customers values(445,1443,'Diego','Montiero','Belo Horizonte','Brazil','Calle de Sao Bonfim 19/33','55-0537188',0.1)
insert into Customers values(446,1444,'Luis','Fernando Gutteres','Porto Alegre','Brazil','Calle de Sao Francisco Salvador de Bahia 18/33','55-0537288',0.1)
insert into Customers values(447,1445,'Miguel','Carlos','Belo Horizonte','Brazil','Calle de Sao Bonfim 13/33','55-0507288',0.1)
insert into Customers values(448,1446,'Marcelo','Sandro','Salvador','Brazil','Calle José Martiniano Pereira de Alencar 12/40','55-0537288',0.1)
insert into Customers values(449,1447,'Fellipe','Luiz','Curitiba','Brazil','Calle Deodoro da Fonseca 20/12','55-0517388',0.1)
insert into Customers values(450,1448,'Joao','Correia','Belo Horizonte','Brazil','Antônio Augusto Monteiro de Barros 20/42','55-0537288',0.1)
insert into Customers values(451,1449,'Gilberto','Pedreira','Recife','Brazil','Calle Pedro Américo 2300/42','55-0547288',0.1)
insert into Customers values(452,1450,'Alberto','Siqueira','Manaus','Brazil','Antônio Augusto Monteiro de Barros 2310/42','55-0537288',0.1)
insert into Customers values(453,1451,'David','Bundschen','Manaus','Brazil','Guilherme Xavier de Sousa 2300/42','55-0537288',0.1)
insert into Customers values(454,1452,'Bruno','Barros','Uberlandia','Brazil','Calle José da Silva Lisboa, Viscount of Cairu 20/42','55-0517288',0.1)
insert into Customers values(455,1453,'Antônio','Bahiense','Fortaleza','Brazil','Gastão d`Escragnolle, Baron d`Escragnolle 11/13','55-0537288',0.1)
insert into Customers values(456,1454,'Vanessa','Guimarães','Fortaleza','Brazil','Antônio Coelho de Sá e Albuquerque 15/22','55-0587288',0.1)
insert into Customers values(457,1455,'Patrícia','Serra','Belem','Brazil','Francisco de Sales Torres Homem, Viscount of Inhomirim 2/41','55-0547288',0.1)
insert into Customers values(458,1456,'Fernanda ','Matos','Florianopolis','Brazil','Guilherme Xavier de Sousa 13/42','55-0547288',0.1)
insert into Customers values(459,1457,'Juliana','Melo','Campinas','Brazil','Clemente Pereira 10/4','55-0537558',0.1)
insert into Customers values(460,1458,'Adriana','Vieira','Natal','Brazil','Fausto Cardoso 212/32','55-0540088',0.1)
insert into Customers values(461,1459,'Marcia','Barbosa','Goiania','Brazil','Franklin Távora 2/11','55-0547008',0.1)
insert into Customers values(462,1460,'Francisca','Nascimento','Piraciacaba','Brazil','Franklin Távora 12/32','55-0527288',0.1)
insert into Customers values(463,1461,'Ana','Andrade','Teresina','Brazil','Eduardo Wandenkolk 91/11','55-0517288',0.1)
insert into Customers values(464,1462,'Deodoro','Machado','Joao Pessoa','Brazil','Deodoro da Fonseca 12/13','55-0577288',0.1)
insert into Customers values(465,1463,'Raimundo','Mendes','Maceio','Brazil','José Martiniano Pereira de Alencar 10/17','55-0540088',0.1)
insert into Customers values(466,1464,'Rodrigo','Freitas','Boa Vista','Brazil','Robert Edwards 2300/42','522-0547288',0.1)
insert into Customers values(467,1465,'Eduardo','Araújo','Vitoria','Brazil',Null,Null,0.1)
insert into Customers values(468,1466,'Daniel','Bezerra','Bauro','Brazil',Null,Null,0.1)
insert into Customers values(469,1467,'Luiz','Miranda','Macapa','Brazil',Null,Null,0.1)
insert into Customers values(470,1468,'Pedro','Duarte','Joinville','Brazil',Null,Null,0.1)
insert into Customers values(471,1469,'João','Aparecido','Cuiaba','Brazil',Null,Null,0.1)
insert into Customers values(472,1470,'Paulo','Pinto','Vitoria','Brazil',Null,Null,0.1)
insert into Customers values(473,1471,'Luís','Tavares','Sorocaba','Brazil',Null,Null,0.1)
insert into Customers values(474,1472,'Felipe','Coelho','Maringa','Brazil',Null,Null,0.1)
insert into Customers values(475,1473,'Raimundo','Jesus','Caruaru','Brazil',Null,Null,0.1)
insert into Customers values(476,1474,'José','Carmo','Campina Grande','Brazil',Null,Null,0.1)
insert into Customers values(477,1475,'Jesus','Silveira','Aracaju','Brazil',Null,Null,0.1)
insert into Customers values(478,1476,'Marcos','Neves','Monte Clarus','Brazil',Null,Null,0.1)
insert into Customers values(479,1477,'José','Carneiro','Juiz de Flora','Brazil',Null,Null,0.1)
insert into Customers values(480,1478,'Salvatore','Braga','Caxias do Sul','Brazil',Null,Null,0.1)
insert into Customers values(481,1479,'Siqueira','Lemos','Bogota','Colombia',Null,Null,0.1)
insert into Customers values(482,1480,'Luís','Magalhães','Baranquilla','Colombia',Null,Null,0.1)
insert into Customers values(483,1481,'Marcos','Chaves','Cuiaba','Brazil',Null,Null,0.1)
insert into Customers values(484,1482,'Vanessa','Lourenço','Petrolina',Null,Null,0.1)
insert into Customers values(485,1483,'Xavier','Matos','Cali','Colombia',Null,Null,0.1)
insert into Customers values(486,1484,'Vicente','Domingos','Cali','Colombia',Null,Null,0.1)
insert into Customers values(487,1485,'Michael','Mota','Baranquilla','Brazil',Null,Null,0.1)
insert into Customers values(488,1486,'Michel','Sales','Feire de Santana','Brazil',Null,Null,0.1)
insert into Customers values(489,1487,'Vitorio','Simões','Manaus','Brazil',Null,Null,0.1)
insert into Customers values(490,1488,'Deodoro','Sampaio','Cascavel','Brazil',Null,Null,0.1)
insert into Customers values(491,1489,'Michael','Amaral','Uberada','Brazil',Null,Null,0.1)
insert into Customers values(492,1490,'Arianda','Lourenço','Volta Redonda','Brazil',Null,Null,0.1)
insert into Customers values(493,1491,'Ibrahim','Barreto','Ponta Grossa','Brazil',Null,Null,0.1)
insert into Customers values(494,1492,'Alfredo','Maia','Vitoria de Conquista','Brazil',Null,Null,0.1)
insert into Customers values(495,1493,'Miguel','Maciel','Pelotas','Brazil',Null,Null,0.1)
insert into Customers values(496,1494,'Michael','Antunes','Volta Redonda','Brazil',Null,Null,0.1)
insert into Customers values(497,1495,'Fernando','Assis','Caxias do sul','Brazil',Null,Null,0.1)
insert into Customers values(498,1496,'Diego','Dantas','Aracaju','Brazil',Null,Null,0.1)
insert into Customers values(499,1497,'Nunio','Cordeiro','Campina Grande','Brazil',Null,Null,0.1)
insert into Customers values(500,1498,'Vanessa','Viana','Campina Grande','Brazil',Null,Null,0.1)
insert into Customers values(501,1499,'Salvatore','Carmo','Maringa','Brazil',Null,Null,0.1)
insert into Customers values(502,1500,'Rafaelo','Cruz','Maringa','Brazil',Null,Null,0.1)
insert into Customers values(503,1501,'Amado','Pires','Pelotas','Brazil',Null,Null,0.1)
insert into Customers values(504,1502,'Hernando','Henrique','Pelotas','Brazil',Null,Null,0.1)
insert into Customers values(505,1503,'Arianda','Nogueira','Sau Paulo','Brazil','Avenida Atlântica 2300/42','55-0517280',0.1)
insert into Customers values(506,1504,'Adeline','Leite','Sau Paulo','Brazil','Avenida Presidente Vargas 2300/42','55-0507088',0.1)
insert into Customers values(507,1505,'Vanessa','Moura','Sau Paulo','Brazil','Avenida Rio Branco 2300/42','55-0527282',0.1)
insert into Customers values(508,1506,'Caterina','Monteiro','Jundiaí','Brazil','Rua General Urquiza 2300/42','55-0537281',0.1)
insert into Customers values(509,1507,'Pedro','Borges','Betim','Brazil','Rua Tonelero 2300/42','55-0532880',0.1)
insert into Customers values(510,1508,'Leotardo','Reis','Rio de Janeiro','Brazil','Rua Farme de Amoedo 2300/42','55-0531288',0.1)
insert into Customers values(511,1509,'Fernando','Moraes','Rio de Janeiro','Brazil','Rua Tonelero 2300/42','55-0532288',0.1)
insert into Customers values(512,1510,'Deodoro','Teixeira','Sao Paulo','Brazil','Rua General Urquiza 2300/42','55-0539288',0.1)
insert into Customers values(513,1511,'Lucas','Ramos','Sao Paulo','Brazil','Rua 25 de Março 2300/42','55-0547288',0.1)
insert into Customers values(514,1512,'Bassel','Cardoso da Silva','Sao Paulo','Brazil','Bandeirantes Avenue 2300/42','55-0536288',0.1)
insert into Customers values(515,1513,'Joao','Cardoso','Betim','Brazil','Rua Agusta 113/4','55-0547288',0.1)
insert into Customers values(516,1514,'Juanita','Machado','Sao Paulo','Brazil','Engenheiro Luís Carlos Berrini Avenue 115/19','55-0501288',0.1)
insert into Customers values(517,1515,'Alberto','Nascimento','Luiz de Fora','Brazil','Bandeirantes Avenues 19/33','55-0537588',0.1)
insert into Customers values(518,1516,'Mikel','Rocha','Pelotas','Brazil','Rua Frei Caneca  100/13','55-0523288',0.1)
insert into Customers values(519,1517,'Paula','Fernandes de Oliveira','Salvador','Brazil','Frei Caneca Street 2300/42','55-0577288',0.1)
insert into Customers values(520,1518,'Negrita','Lopes','Toledo','Brazil','Rua Minhocão 193/10','55-0507298',0.1)
insert into Customers values(521,1519,'Cesar','Carvalho','Contagem','Brazil','Rua Oscar Freire 80/33','55-0537888',0.1)
insert into Customers values(522,1520,'Rodrigo','Martins','Niterói','Brazil','Marginal Tietê 13/2','55-0507988',0.1)
insert into Customers values(523,1521,'Umberto','Almeida','Mauá','Brazil','Rua Sao Joao 19/32','55-0531288',0.1)
insert into Customers values(524,1522,'Alegrita','Rodrigues','São João de Meriti','Brazil','Rua Sao Domingo 83/16','55-0537288',0.1)
insert into Customers values(525,1523,'Jair','Silva','Betim','Brazil','Paulista Avenue 10/42','55-0547288',0.1)
insert into Customers values(526,1524,'Phillipo','Marques','Guarujá','Brazil','Frei Caneca Street 26/10','55-0507388',0.1)
insert into Customers values(28,1525,'Terrezia','Nunes','Taubaté','Brazil','Engenheiro Luís Carlos Berrini Avenue 12/33','55-0557288',0.1)
insert into Customers values(527,1526,'Francisca','Ribeiro','Blumenau','Brazil','Brigadeiro Faria Lima Avenue 20/33','55-0557288',0.1)
insert into Customers values(528,1527,'Roberto','Machado Herrera','Brasilia','Brazil','Rua du Republica 12/30','55-0557688',0.1)
insert into Customers values(529,1528,'Wilson','Barbosa','Ribeirão das Neves','Brazil','Marginal Pinheiros 77/12','55-0597298',0.1)
insert into Customers values(530,1529,'Bruna','Soares','Petrópolis','Brazil','
Avenida Sete de Setembro 2300/42','55-0530288',0.1)
insert into Customers values(531,1530,'Eloísa','Ribeiro','Uberaba','Brazil','Ladeira da Preguiça 23/30','55-0537988',0.1)
insert into Customers values(532,1531,'Augusto','Carvalho','Sumaré','Brazil','Oceanic Avenue 115/18','55-0507282',0.1)
insert into Customers values(533,1532,'Fabrício','De Lopes','Governador Valadares','Brazil','Rua XV de Novembro 25/17','55-0537188',0.1)
insert into Customers values(534,1533,'Sofia','Soares','Foz do Iguaçu','Brazil','Via Costeira 219/24','55-0527188',0.1)
insert into Customers values(535,1534,'Heitor','Dias','Viamão','Brazil','Avenida Sete de Setembro 12/21','55-0517298',0.1)
insert into Customers values(536,1535,'Maria','Andrade Rodrigues','Recife','Brazil','Avenida Mem de Sá 71/22','55-0513288',0.1)
insert into Customers values(537,1536,'Margarida','Rocha','Sete Lagoas','Brazil','Rua Visconde de Pirajá 29/22','55-0557388',0.1)
insert into Customers values(538,1537,'André','Lima','São Leopoldo','Brazil','Avenida Rodrigues Alves 182/33','55-0546288',0.1)
insert into Customers values(539,1538,'Monique','LeClerq da Silva','Itajaí','Brazil','Estrada da Vista Chinesa 65/30','55-0517218',0.1)
insert into Customers values(540,1539,'Machado','Lima','Chapecó','Brazil','Avenida Rio Branco 123/18','55-0557208',0.1)
insert into Customers values(541,1540,'Andrade ','dos Santos Azevedo','Maracanaú','Brazil','Rua de Amazonas 144/22','55-0557088',0.1)
insert into Customers values(542,1541,'Joao','Obrado Rodrigues','Águas Lindas de Goiás','Brazil','Avenida Epitacio Pessoa 20/15','55-0557288',0.1)
insert into Customers values(543,1542,'Jose','Lima','Parauapebas','Brazil','Robert Edwards 2300/42','55-0547288',0.1)
insert into Customers values(544,1543,'Jesus','Filipe Luis Rodrigo da Silva','Itabuna','Brazil','Rua Sao Francisco 192/12','55-0557388',0.1)
insert into Customers values(545,1544,'Martin','Lima','Castanhal','Brazil','Avenida Niemeyer 15/38','55-0557588',0.1)
insert into Customers values(546,1545,'Adelina','Boustani','Nova Friburgo','Brazil','Avenida Niemeyer 23/32','55-0547188',0.1)
insert into Customers values(547,1546,'César','Lima','Nossa Senhora do Socorro','Brazil','Rua Sao Bonfim 125/18','55-0557288',0.1)
insert into Customers values(548,1547,'Benjamim','Khouri','Alvorada','Brazil','Rua Sao Domingos 155/17','55-0554288',0.1)
insert into Customers values(549,1548,'Afonso','Zimmermann','Nossa Senhora do Socorro','Brazil','Rua São José 12/30','55-0555588',0.1)
insert into Customers values(550,1549,'Augusto','Lima','Araguaína','Brazil','Rua Sao Roberto 17/33','55-0553288',0.1)
insert into Customers values(551,1550,'Stefano','Van Juulit','Santa Bárbara d`Oeste','Brazil','Rua Santa Adelina 12/33','55-0557288',0.1)
insert into Customers values(552,1551,'Cauã','Lima','Ibirité','Brazil','Rua Sete de Setembro 12/33','55-0517288',0.1)
insert into Customers values(553,1552,'Cleiton','Cardoso Pereira','Guarapuava','Brazil','Rua Santo Cristo 121/12','55-0517288',0.1)
insert into Customers values(554,1553,'Domingos','Lima','Palhoça','Brazil','Rua Santo Antônio 14/42','55-0517188',0.1)
insert into Customers values(555,1554,'Davi','Pereira','Itu','Brazil','Rua Tiradentes 56/10','55-0511288',0.1)
insert into Customers values(556,1555,'Enzo','Lima','Poços de Caldas','Brazil','Rua São João 12/33','55-0527288',0.1)
insert into Customers values(557,1556,'Rodrigo','Mendes','Timon','Brazil','Rua Santa Caterina 14/23','55-0551288',0.1)
insert into Customers values(558,1557,'Estevão','Moreira','Maricá','Brazil','Rua Sao Gilberto 12/29','55-0554288',0.1)
insert into Customers values(559,1558,'Emanuel','Nascimento','Caxias','Brazil','Rua Sao Adolfo da Silva 12/33','55-0551288',0.1)
insert into Customers values(560,1559,'Elias','Antunes','Abaetetuba','Brazil','Rua Santa Maria di Flor 11/30','55-0558288',0.1)
insert into Customers values(561,1560,'Edson','Lima','Nilopolis','Brazil','Rua Maria Benedita Bormann 15/22','55-0555288',0.1)
insert into Customers values(562,1561,'Edgar','Farias','Camaragibe','Brazil','Rua Maria Firmina dos Reis 11/12','55-0556288',0.1)
insert into Customers values(563,1562,'Flávio','Carneiro','Pouso Alegre','Brazil','Rua Aureliano Lessa 18/13','55-0557288',0.1)
insert into Customers values(564,1563,'Hélio','Azevedo','Lages','Brazil','José Veríssimo 12/17','55-0533288',0.1)
insert into Customers values(565,1564,'Horácio','Magalhães','Mogi Guaçu','Brazil','Euclides da Cunha 2300/42','55-0547288',0.1)
insert into Customers values(566,1565,'Ismael','Lima','Porto Seguro','Brazil','Rua Franklin Távora 1842–1888 211/10','55-0555288',0.1)
insert into Customers values(567,1566,'Isaque','Lourenço','Alagoinhas','Brazil','Rua  Olavo Bilac 22/9','55-0557218',0.1)
insert into Customers values(568,1567,'Israel','Lemos','Alagoinhas','Argentina','Calle Casimiro de Abreu 88/30','54-0537288-2',0.1)
insert into Customers values(569,1568,'Juan','Gonzales','Rosario','Argentina','Macedonio Fernández 1874-1952 14/30','54-0540288',0.1)
insert into Customers values(570,1569,'Gilberto','Flores','Santiago del Estero','Argentina','Calle de Juana Paula Manso 231/18','54-0547288',0.1)
insert into Customers values(571,1570,'Gustavo','Bruner','Formosa','Argentina','Juana Manuela Gorriti 2300/42','54-0501288',0.1)
insert into Customers values(572,1571,'Alvaro','Valdez','Azul','Argentina','Calle de Rosa Guerra 2300/42','54-0547288',0.1)
insert into Customers values(573,1572,'Federica','Lourenço','Alagoinhas','Brazil','Rua Bartolomé Mitre 12/27','55-0517288',0.1)
insert into Customers values(574,1573,'Svetlana','Jaroslavski','Kishinev','Moldova','Ivan Ilic 11/27','373-0537288',0.1)
insert into Customers values(575,1574,'Vladimir','Alexandrowitz','Minsk','Belarus','Vladimir Putin 16/24','375-0537288',0.1)
insert into Customers values(576,1575,'Jorgen','Schultz','Letzeburg','Luxembourg','Ives Montand 12/13','352-0547288',0.1)
insert into Customers values(577,1576,'Vitorio','Joaquin de Cruz','Albacete','Spain','Carlota Garrido de la Peña 11/19','34-0557288',0.1)
insert into Customers values(579,1578,'Rodrigo','Ruiz','Cordoba','Spain','Roberto Montiero 10/12','34-0515288',0.1)
insert into Customers values(580,1579,'Diego','Forlan','Estramadura','Spain','Diego Alvaro Recoba 13/31','34-0517288',0.1)
insert into Customers values(581,1580,'Ivan','Oviedo','Valladolid','Spain','Calle Miguel de Cervantes 17/23','34-0537288',0.1)
insert into Customers values(582,1581,'Zayed','Ben-Attiyah','Barcelona','Spain','Calle de Carlos Ruiz Zafón 3/22','34-0511288',0.1)
insert into Customers values(583,1582,'Vicente','Zubizaretta','Mallorca','Spain','Calle de Carlos Fuentes 19/22','34-0517188',0.1)
insert into Customers values(584,1583,'Ezequiel','Estrella','Donostia-San Sebastian','Spain','Calle de Rosa Montero 24/26','34-0511188',0.1)
insert into Customers values(585,1584,'Jaime','Almonte','Malaga','Spain','Calle de Federico García Lorca 165/4','34-0520288',0.1)
insert into Customers values(586,1585,'Ezequiel','Tavarez','Salamanca','Spain','Avenida Juan Gómez-Jurado 91/22','34-0597288',0.1)
insert into Customers values(587,1586,'Adriana','Lopez','Alicante','Spain','Calle de Miguel de Unamuno 55/29','34-0527288',0.1)
insert into Customers values(588,1587,'Nina','Redondo','Cadiz','Spain','Calle de Filomena Dato 2300/42','34-0517288',0.1)
insert into Customers values(589,1588,'Margarita','Vidal','Palma','Spain','Calle de José Echegaray 126/42','34-0557288',0.1)
insert into Customers values(590,1589,'Vitoria','Riquelme','Zaragoza','Spain','Calle La Republica 432/11','34-0557288',0.1)
insert into Customers values(591,1590,'Caterina','Gutierrez','Pamplona','Spain','Calle de los Libertadores 127/4','34-0507188',0.1)
insert into Customers values(592,1591,'Paula','Morellia','Segovia','Spain','Calle de Julia Alvarez 23/11','34-0527288',0.1)
insert into Customers values(593,1592,'Suzanna','Esqueda','Obidos','Portugal','Rua le Libertia 20/33','351-0517288',0.1)
insert into Customers values(594,1593,'Cristina','Romero Chiros','Coimbra','Portugal','Rua di Democratia 210/12','351-059288',0.1)
insert into Customers values(595,1594,'Atticus','Andino','Ioannina','Greece','Sofia st. 11/15','30-0517288',0.1)
insert into Customers values(596,1595,'Cora','Aetós','Pireas','Greece','El Fraternite st. 178/12','30-0536288',0.1)
insert into Customers values(597,1596,'Atticus','Conrad','Rhodes','Greece','Dalaras st. 143/15','30-0537288',0.1)
insert into Customers values(598,1597,'Mikhail','Agathangelou','Nafpilon','Greece','Aris San st. 35/12','30-0519288',0.1)
insert into Customers values(599,1598,'Theo','Andrianakis','Limassol','Cyprus','Independence st. 157/16','357-0516288',0.1)
insert into Customers values(600,1599,'Lucas','Morales di Matteo','Girona','Spain','Calle Gabriel Garcia Marquez 12/37','34-0537288',0.1)
insert into Customers values(601,1600,'Sofia','Di Matteo','Palermo','Italy','Natalia Ginzburg av. 17/13','39-0515288',0.1)
insert into Customers values(602,1601,'Angelo','Calabresi','Pisa','Italy','Natalia Ginzburg av. 12/15','39-0519288',0.1)
insert into Customers values(603,1602,'Luigi','Lombardi','Ravenna','Italy','Constantinous st. 13/42','39-0512288',0.1)
insert into Customers values(604,1603,'Giuseppina','Bianchi','Bergamo','Italy','Ecclesia st. 23/30','39-0522288',0.1)
insert into Customers values(605,1604,'Gianna','Ricci','Matera','Italy','Antonio Gramci av. 12/25','39-0523288',0.1)
insert into Customers values(606,1605,'Angela','Ferrari','Parma','Italy','Antonio Gramci st. 31/32','39-0527288',0.1)


insert into Customers values(607,1606,'Zeynep','Avci','Fethiye','Turkey','Suleyman Demirel cd. 13/10','90-0528288',0.1)
insert into Customers values(608,1607,'Rustem','Aksakal','Şanlıurfa','Turkey','Enver Paşa cd. 11/17','90-0523288',0.1)
insert into Customers values(609,1608,'Tulin','Kaplan','Çanakkale','Turkey','Cemal Paşa cd. 11/19','90-0531288',Null)
insert into Customers values(610,1609,'Velid','Aydin','Antakya','Turkey','Talat Paşa cd. 24/18','90-0390288',0.1)
insert into Customers values(611,1610,'Oğuz','Bardakci','Samsun','Turkey','Necip Fazıl Kısakürek cd. 13/12','90-05398288',Null)
insert into Customers values(612,1611,'Oğur','Balik','Sivas','Turkey','Necip Fazıl Kısakürek sk. 12/17','90-0523288',0.3)
insert into Customers values(613,1612,'Teyfur','Bozdağ','Zonguldak','Turkey','Celal Bayar sk. 223/4','90-0527288',0.1)
insert into Customers values(614,1613,'Bestem','Bekiroğlu','Yalova','Turkey','Gazi Abdulhamit II sk. 21/12','90-0557288',Null)
insert into Customers values(615,1614,'Hamdi','Çavuşoğlu','Istanbul','Turkey','Celal Bayar sk. 23/4 13/42','90-0522288',0.3)
insert into Customers values(616,1615,'Ilhan','Binici','Ankara','Turkey','Tansu Çiller sk.  25/30','90-0517288',0.3)
insert into Customers values(617,1616,'Sertan','Kartal','Ankara','Turkey','Erdal İnönü sk.  12/42','90-0553288',0.25)
insert into Customers values(618,1617,'Burak','Pehlivan','Eskişehir','Turkey','Erdal İnönü sk. 100/2','90-0592288',0.25)
insert into Customers values(619,1618,'Burcu','Tiryaki','Eskişehir','Turkey','Müfide İlhan sk. 19/2','90-0530288',Null)
insert into Customers values(620,1619,'Ece','Zorlu','Muğla','Turkey','Sabahattin Ali cd. 24/11','90-0547288',Null)
insert into Customers values(621,1620,'Ferdi','İsmailoğlu','Kahramanmaraş','Turkey','Gazi Abdulhamit II sk. 2/13','90-052988',0.1)
insert into Customers values(622,1621,'Celal','Reçber','Kuşadası','Turkey','Fatma Esma Nayman cd. 200/17','90-0511288',Null)
insert into Customers values(623,1622,'Cemal','Kimyacıoğlu','Diyarbakır','Norway','Yaşar Kemal cd. 273/11','47-0511288',0.1)

insert into Customers values(624,1623,'Ingrid','Ibsen','Bergen','Norway','Paal Brekke 2300/42 st.','47-054-8907288',Null)
insert into Customers values(625,1624,'Hans','Nesbø','Chicago','Norway','Sigrid Undset 2300/42 st.','47-054-3372880',Null)
insert into Customers values(626,1625,'Ole','Hamsun','Trondheim','Norway','Hanne Ørstavik st. 2300/42','47-0547288',0.1)
insert into Customers values(627,1626,'Grethe','Bjørnson','Ålesund','Norway','Stig Sæterbakken st. 2300/42','47-0547288',Null)
insert into Customers values(628,1627,'Amalie','Holberg','Kristiansand','Norway','Erika Fatland st. 2300/42','47-054-3357288',0.1)
insert into Customers values(629,1628,'Frida','Gustavsson','Stockholm','Sweden','Øystein Øystå st. 2300/42','46-054-8907288',0.1)
insert into Customers values(630,1629,'Hilda','Holberg','Stockholm','Sweden','Sigbjørn Obstfelder st. 2300/42','46-054-7037288',0.3)
insert into Customers values(631,1630,'Karolina','Knausgård','Lillehammer','Norway','Øystein Alme st. 2300/42','47-054-6677288',0.3)
insert into Customers values(632,1631,'Bjorn','Ørstavik','Drammen','Norway','Inge Krokann st. 2300/42','47-054-2728800',0.1)
insert into Customers values(633,1632,'Kristian','Undset','Tromsø','Norway','Jens Bjørneboe st. 2300/42','47-0547288',0.1)
insert into Customers values(634,1633,'Mathias','Kielland','Arendal','Norway','Roy Jacobsen st. 2300/42','47-0547288',0.1)
insert into Customers values(635,1634,'Batilde','Hagerup','Fredrikstad','Norway','Minna Wetlesen st. 2300/42','47-0547288',0.1)
insert into Customers values(636,1635,'Freydis','Solstad','Bodø','Norway','Fam Ekman st. 2300/42','47-0547288',0.1)
insert into Customers values(637,1636,'Hjalmprimul','Holgersen','Aarhus','Denmark','Herbjørg Wassmo st. 2300/42','45-0547288',0.1)
insert into Customers values(638,1637,'Ulka','Kjærstad','Molde','Norway','Morten Vågen st. 2300/42','47-0547288',0.1)
insert into Customers values(639,1638,'Urszula','Obstfelder','Nuuk','Greenland','Ivar Aasen st. 2300/42','299-054-1457288',0.1)
insert into Customers values(640,1639,'Asger','Ullmann','Tórshavn','Faroe Islands','Frode Grytten st. 2300/42','298-054-807288',0.1)
update Orders set ShipCountry  = 'USA' where CustomerId = 1014
insert into Customers values(641,1640,'Giulia','Calabresi','Brescia','Italy','Saint Rosalia st. 33/33','39-054-4557088',0.1)
insert into Customers values(642,1641,'Angelina','Revello','Bari','Italy','Bernard of Corleone av. 93/15','47-054-9337288',0.1)
insert into Customers values(643,1642,'Zita','Toscani','Verona','Italy','Francis de Assisi av. 12/4','47-054-6697288',0.1)
insert into Customers values(644,1643,'Fabrizia','Baresi','Ancona','Italy','Saint Vitus av. 2300/42','47-054-2257288',0.1)
insert into Customers values(645,1644,'Geltrude','Trevisani','Pisa','Italy','Bernard of Corleone. st. 15/31','47-054-8907088',0.1)
insert into Customers values(646,1645,'Dario','Trentini','Turin','Italy','Blessed Clare of Rimini av. 12/12','47-053-9072880',0.1)
insert into Customers values(647,1646,'Franco','Greece','Rome','Italy','Giacomo Casanova st. 13/22','47-053-8572808',0.1)
insert into Customers values(648,1647,'Dimitry','Georgiev','Sofia','Bulgaria','Sophronius of Vratsa av. 9/34','359-055-7288900',0.1)
insert into Customers values(649,1648,'Yordanka','Todorova','Burgas','Bulgaria','Constantine of Preslav av. 28/21','359-054-7281805',0.1)
insert into Customers values(650,1649,'Ramunas','Bagdonas','Vilnius','Lithuania','Saint Josaphat Kuntsevych av. 11/10','370-053-8007288',0.1)
insert into Customers values(651,1650,'Antoins','Lavigne','Clermont-Ferrand','France','Saint King Louis IX boulevard 81/32','33-054-657288',0.1)
insert into Customers values(652,1651,'Michael','Blanchet','La Rochelle','France','Saint Queen Clotilde boulevard 16/42','33-054-3377288',Null)
insert into Customers values(653,1652,'Michel','Toussaint','Marseille','France','Saint Rémi boulevard 33/19','33-052-5577288',0.1)
insert into Customers values(654,1653,'Josephine','Martin','Marseille','France','Saint Genevieve boulevard 11/16','33-050-6907288',0.1)
insert into Customers values(655,1654,'Beatrix','Chevrolet','Brest','France','Saint Denis boulevard 65/21','33-054-1972808',0.1)
insert into Customers values(656,1655,'Fayette','Duplantier','Tours','France','Boulevard saint Aderald 16/10','33-054-9557288',0.1)
insert into Customers values(657,1656,'Bernadette ','Fournier','Calais','France','Boulevard Margaret Mary Alacoque 712/30','33-055-117288',0.1)
insert into Customers values(658,1657,'Chloe ','Rousseau','Le Touqet','France','Boulevard Marcel Proust 81/25','33-054-907288',0.1)
insert into Customers values(659,1658,'Aceline','Granger','Dunkirk','France','Boulevard Simone de Beauvoir 32/30','33-051-9127288',0.1)
insert into Customers values(660,1659,'Laurent','LaRue','Sedan','France','Boulevard George Sand 143/22','33-050-8357288',0.1)
insert into Customers values(661,1660,'Matthieu','Allemand','Luneville','France','Boulevard Jules Verne 431/11','33-055-3857288',0.1)
insert into Customers values(662,1661,'Baptiste','Abadie','Belfort','France','Rue Voltaire 112/16','33-050-1207288',0.1)
insert into Customers values(663,1662,'Édouard','Auclair','Paris','France','Marguerite Duras rue 13/17','33-050-4557288',0.1)
insert into Customers values(664,1663,'Gaspard','Bassett','Paris','France','Jean-Paul Sartre rue 17/20','33-054-8567288',0.1)
insert into Customers values(665,1664,'Maxence','Archambeau','Champagnole','France','Antoine de Saint-Exupéry rue 37/29','33-053-9037288',0.1)
insert into Customers values(666,1665,'Timothe','Aguillard','Annecy','France','Charles Baudelaire rue 54/16','33-055-1927288',0.1)
insert into Customers values(667,1666,'Jeanne','Aries','Chambery','France','Guy de Maupassant rue 77/13','33-054-5507288',0.1)
insert into Customers values(668,1667,'Faustine','Barbier','Romans-sur-Isere','France','Molière rue 13/27','33-054-9127288',0.1)
insert into Customers values(669,1668,'Vivienne','Baudelaire','Avignon','France','Marquis de Sade rue 11/25','33-052-8717288',0.1)
insert into Customers values(670,1669,'Aramis','Cadieux','Saint-Etienne','France','Nostradamus rue 13/6','33-051-5437288',0.1)
insert into Customers values(671,1670,'Jocelin','Achard','Vichy','France','Edmond de Goncourt rue 23/35','33-057-9227288',0.1)
insert into Customers values(672,1671,'Georges','Acy','Tournus','France','Françoise Sagan rue 12/20','33-054-8737288',0.1)
insert into Customers values(673,1672,'Jules','Agard','Montbard','France','Madame de La Fayette rue 37/35','33-055-8227288',0.1)
insert into Customers values(674,1673,'Adrus','Kukk','Tallinn','Estonia','Lech Vallenca  st. 11/39','372-055-9557288',0.1)
insert into Customers values(675,1674,'Alexandre','Bobier','Soissons','France','Madeleine de Scudéry rue 14/32','33-058-4357288',0.1)
insert into Customers values(676,1675,'Pierre','Bohen','Saint-Dizier','France','Emmanuelle Arsan boulevard 12/8','33-057-9667288',0.1)
insert into Customers values(677,1676,'Olivier','Boire','Saint-Quentin','France','Antoinette Henriette Clémence Robert rue 320/17','33-054-9087288',0.1)
insert into Customers values(678,1677,'Nicolas','Boisclair','Beauvais','France','Roger Martin du Gard rue 8/11','33-055-8557288',0.1)
insert into Customers values(679,1678,'Sinead','O`leary','Cork','Ireland','John Banville st. 35/31','33-053-5607288',0.1)
insert into Customers values(680,1679,'John','O`shea','Waterford','Ireland','Jonathan Swift st. 32/29','33-054-7227288',0.1)
insert into Customers values(681,1680,'Nathalie','Verhaeren','Liege','Belgium','Georges Simenon rue 12/16','32-057-9000288',0.1)
insert into Customers values(682,1681,'Karel','Skowronek','Bouillon','Belgium','Maurice Maeterlinck rue 213/11','32-054-1907288',0.1)
insert into Customers values(683,1682,'Veronique','Gallo','Mechelen','Belgium','Émile Verhaeren st. 51/14','32-054-8707288',0.1)
insert into Customers values(684,1683,'Felix','Lahaye','Namur','Belgium','Henri Michaux st. 34/11','32-054-8507288',0.1)
insert into Customers values(685,1684,'Willem','Elst','Ghent','Belgium','Karel van de Woestijne st. 322/11','32-054-4607288',0.1)
insert into Customers values(686,1685,'Amelie','Conscience','Liege','Belgium','Adolphe Siret st. 35/11','32-053-3507288',0.1)
insert into Customers values(687,1686,'Koenraad','Streuvels','Charleroi','Belgium','Heny Michaux st. 21/42','32-053-5507288',0.1)
insert into Customers values(688,1687,'Morris','De Haes','Leuven','Belgium','Amélie Nothomb st. 12/42','32-054-5777288',0.1)
insert into Customers values(689,1688,'Esma','Yakin','Manisa','Turkey','Sait Faik Abasıyanık cd. 155/11','90-054-1557288',0.1)
insert into Customers values(690,1689,'Faruk','Ulusoy ','Mardin','Turkey','Ziya Gokalp cd. 12/26','90-050-9007288',0.1)
insert into Customers values(691,1690,'Can','Binici','Bilecik','Turkey','Adalet Ağaoğlu sk. 100/2','90-055-6907288',0.1)
insert into Customers values(692,1691,'Aykut','Çetin','Ürgüp','Turkey','Yakup Kadri Karaosmanoğlu sk. 25/25','90-054-7288900',0.1)
insert into Customers values(693,1692,'Tayfur','Kiraz','Bitliş','Turkey','Irfan Orga sk. 192/12','90-054-1557288',0.1)
insert into Customers values(694,1693,'Enes','Sadik','Isparta','Turkey','Yunus Emre sk. 23/30','90-053-8807288',0.1)
insert into Customers values(695,1694,'Serhat','Pehlivan','Safranbolu','Turkey','Hacı Bektaş Veli  sk. 2300/42','90-054-9227288',0.1)
insert into Customers values(696,1695,'Zehra','Mumcu','Balat','Turkey','Turgut Ozal sk. 21/24','90-053-9227288',0.1)
insert into Customers values(697,1696,'Göngur','Deliktaş','Gazipaşa','Turkey','Şems-i Tebrîzî sk. 2300/42','90-053-9987288',0.3)
insert into Customers values(698,1697,'Berat','Gündoğan','Alanya','Turkey','Cemal Paşa sk. 19/29','90-054-2297288',0.1)
insert into Customers values(699,1698,'Hamza','Gökbakar','Gebze','Turkey','Şems-i Tebrîzî sk. 21/33','90-055-3777288',Null)
insert into Customers values(700,1699,'Dilara','İnan','Doğanbey','Turkey','Remziye Hisar sk. 12/12','90-055-5547288',0.1)
insert into Customers values(701,1700,'Aylin','Keyder','Urla','Turkey','Hatice Nüzhet Gökdoğan sk. 30/30','90-055-6687288',Null)
insert into Customers values(702,1701,'Feridun','Gültekin','Mönchengladbach','Germany','Thomas Mann Straße 33/42','49-050-727288',Null)
insert into Customers values(703,1702,'Mia','Krause','Mannheim','Germany','Bruchstraße 27/31','49-050-2907288',Null)
insert into Customers values(704,1703,'Felix','Kissinger','Bonn','Germany','Lappenberg Straße  13/4','49-054-8337288',Null)
insert into Customers values(705,1704,'Mila','Rosenbauer','Heidelberg','Germany','Vulkanstraße 39/35','49-055-5707288',Null)
insert into Customers values(706,1705,'Janez','Zupančič','Ljubljana','Slovenia','Adamič- Lundrovo nabrežje 12/28','386-057-8447288',Null)
insert into Customers values(707,1706,'Georgia','Ioannou','Heraklion','Greece','Amvrosiou Frantzi 21/27','30-054-7557288',Null)
insert into Customers values(708,1707,'Androula','Pappas','Corfu','Greece','Agias Zonis 11/38','30-054-8447288',Null)
insert into Customers values(709,1708,'Eleni','Vlachos','Edessa','Greece','Amvrosiou Frantzi 91/13','30-054-5567288',0.25)
insert into Customers values(710,1709,'Michalis','Charalambous','Larnaca','Cyprus','Apostolou Pavlou 80/13','357-050-557288',Null)
insert into Customers values(711,1710,'Panagiota','Karagiannis','Paphos','Cyprus','Dionysiou Areopagitou 57/11','357-053-9097288',Null)
insert into Customers values(712,1710,'Liesl','Dornberg','Parndorf','Austria','Herrengasse 65/11','43-055-3557088',Null)


create table Products
(
ProductID int,
ProductName varchar(50),
SupplierID int,
QuantityPerUnit varchar(50),
UnitPrice float,
UnitInStock smallint,
)

insert into Products values(1,'Toothbrush',1000,2,3,500)
insert into Products values(2,'Toothpaste',1001,1,1.5,800)
insert into Products values(3,'Dental floss',1002,1,0.8,600)
insert into Products values(4,'Backpack 30L',1003,1,18,300)
insert into Products values(5,'Backpack 50L',1004,1,30,300)
insert into Products values(6,'Backpack 60L',1005,1,42,300)
insert into Products values(7,'Backpack 80L',1006,1,55,300)
insert into Products values(8,'Tent for 2 People',1007,1,60,250)
insert into Products values(9,'Tent for 4 People',1008,1,100,250)
insert into Products values(10,'Flashlight 3 LED',1009,1,4,500)

insert into Products values(11,'Goji Berries',1010,1,2.5,500)
insert into Products values(12,'Cocoa Nibs',1011,1,2.5,500)
insert into Products values(13,'Chia Seeds',1012,1,2,500)



DROP TABLE Orders
create Table orders
(
OrderID int,
ProductID int,
CustomerID int,
EmployeeID int,
OrderDate date,
RequiredDate date,
ShippedDate date,
Freight int,
ShipAddress nvarchar(40),
ShipPostalCode nvarchar(15),
ShipCity varchar(20),
ShipCountry nvarchar(20)
)
insert into Orders values(1,1,1000,1,'2022-2-11','2022-11-30','2022-4-11',0,'Robert Edwards 2300/42','81700','Chicago','USA')
insert into Orders values(2,2,1001,1,'2022-2-11','2022-11-30','2022-4-11',0,'7th Avenue 20\8','84203','New York','USA')
insert into Orders values(3,1,1002,1,'2022-2-11','2022-11-30','2022-5-11',0,'JFK 120/42','82203','New York','USA')
insert into Orders values(4,1,1003,1,'2022-11-3','2022-12-2','2022-11-5',10,'Christopher Columbus 150/8','87273','Newark','USA')
insert into Orders values(5,3,1004,1,'2022-11-5','2022-12-5','2022-11-7',10,'Alexander Graham Bell 100/42','85203','Boston','USA')
insert into Orders values(6,4,1005,1,'2022-11-6','2022-11-22','2022-11-8',0,'George Washington  200/7','88209','Miami','USA')
insert into Orders values(7,5,1006,1,'2022-11-6','2022-11-22','2022-11-8',0,'Douglas McCarthur 300/12','88123','Philadelphia','USA')
insert into Orders values(8,6,1007,1,'2022-11-6','2022-11-22','2022-11-8',11,'Robert Green 2300/20','81722','Pittsburgh','USA')
insert into Orders values(9,7,1008,1,'2022-11-7','2022-11-24','2022-11-9',8,'Thomas Jefferson 22/11','82203','Charlotte','USA')
insert into Orders values(10,4,1120,1,'2022-10-28','2022-12-3','2022-11-3',11,'Kastanienallee 802/6','43772','Dortmund','Germany')
insert into Orders values(11,8,1010,1,'2022-11-9','2022-11-26','2022-11-11',12,'Louis Armstrong 33/2','80772','Atlanta','USA')
insert into Orders values(12,1,1011,3,'2022-10-25','2022-11-5','2022-10-26',0,'FDR 100/42','85203','Orlando','USA')
insert into Orders values(13,9,1012,1,'2022-10-23','2022-11-7','2022-10-25',12,'Victor Hugo 90/2','85203','Miami','USA')
insert into Orders values(14,1,1013,1,'2022-10-22','2022-11-6','2022-10-24',0,'Victor Herrera 23/1','89122','Los Angeles','USA')
insert into Orders values(15,9,1014,1,'2022-10-20','2022-11-4','2022-10-22',12,'Diego Rivera Avenue 92/4','89133','Los Angeles','Turkey')
insert into Orders values(16,1,1015,1,'2022-10-19','2022-11-3','2022-10-21',0,'Mark Shagal 22/2','89225','Los Angeles','Turkey')
insert into Orders values(17,9,1016,1,'2022-10-18','2022-11-2','2022-10-20',13,'Robert Kane 11/42','89334','Oakland','USA')
insert into Orders values(18,9,1017,1,'2022-10-16','2022-10-30','2022-10-18',10,'Steve Jobs 26/4','80228','Seattle','USA')
insert into Orders values(19,1,1018,1,'2022-10-15','2022-10-29','2022-10-17',0,'Woodrow Wilson 300/7','86012','Houston','USA')
insert into Orders values(20,9,1019,1,'2022-10-14','2022-10-27','2022-10-15',12,'Robert Edwards 2300/42','86222','Dallas','USA')
insert into Orders values(21,9,1020,1,'2022-10-30','2022-11-9','2022-11-2',12,'Robert Lee Jr 23/42','89893','Des Moines','USA')
insert into Orders values(22,1,1021,1,'2022-10-30','2022-11-10','2022-11-2',0,'Erasmus 22/5','80221','Phoenix','USA')
insert into Orders values(23,9,1022,1,'2022-11-1','2022-11-12','2022-11-3',12,'Charles Ludvigsson 120/6','79920','Tucson','USA')
insert into Orders values(24,1,1150,22,'2022-11-1','2022-11-22','2022-11-3',1,'Babukićeva ulica 9/40','72-883','Zagreb','Croatia')
insert into Orders values(25,9,1024,20,'2022-11-1','2022-11-12','2022-11-3',11,'Robert Lee 220/4','802030','Colorado Springs','USA')
insert into Orders values(26,1,1025,7,'2022-11-3','2022-11-14','2022-11-5',0,'Robert Frank 22/1','79920','Abilene','USA')
insert into Orders values(27,9,1026,3,'2022-11-6','2022-11-19','2022-11-8',12,'Benjamin Warfield 233/15','78923','Provo','USA')
insert into Orders values(28,1,1027,6,'2022-11-7','2022-11-19','2022-11-8',0,'Ann Lee 112/42','78865','Bozeman','USA')
insert into Orders values(29,9,1028,10,'2022-11-8','2022-11-20','2022-11-9',13,'Richard John Neuhaus 234/14','78320-1','Dickinson','USA')
insert into Orders values(30,2,1029,26,'2022-11-8','2022-11-18','2022-11-9',0,'Billy Graham 23/2','78102','Fargo','USA')
insert into Orders values(31,4,1030,2,'2022-11-9','2022-11-20','2022-11-10',10,'James Gibbons 55/11','80023','Duluth','USA')
insert into Orders values(32,2,1031,1,'2022-11-9','2022-11-20','2022-11-11',0,'John Howard Yoder 86/10','78103','Iowa City','USA')
insert into Orders values(33,1,1032,3,'2022-11-9','2022-11-20','2022-11-10',0,'Reinhold Niebuhr  80/7','77909','Lincoln','USA')
insert into Orders values(34,2,1033,5,'2022-11-6','2022-11-19','2022-11-8',0,'Roger Williams 70/42','77890-1','Kansas City','USA')
insert into Orders values(35,4,1034,5,'2022-11-9','2022-11-20','2022-11-10',14,'Ella Fitzgerald 102/12','83002','Las Vegas','USA')
insert into Orders values(36,2,1035,6,'2022-11-10','2022-11-21','2022-11-11',0,'Robert Flint 22/3','78301','Bloomington','USA')
insert into Orders values(37,1,1036,7,'2022-11-10','2022-11-20','2022-11-11',0,'Abraham Lincoln 114/17','81753','Chicago','USA')
insert into Orders values(38,3,1037,1,'2022-11-10','2022-11-20','2022-11-11',0,'William Cameron Townsend  100/8','87024','Richmond','USA')
insert into Orders values(39,1,1038,10,'2022-11-10','2022-11-20','2022-11-11',0,'Robert Michaelson 212/2','84356','Buffalo','USA')
insert into Orders values(40,13,1039,8,'2022-11-10','2022-11-20','2022-11-11',0,'Robert Jackson 22/7','84471','Rochester','USA')
insert into Orders values(41,1,1040,11,'2022-11-11','2022-11-21','2022-11-12',0,'Admiral Nelson 112/42','88411','Tallahassee','USA')
insert into Orders values(42,4,1072,12,'2022-11-11','2022-11-21','2022-11-12',16,'Rue des Boulets 1200/42','73302','Lyon','France')
insert into Orders values(43,1,1082,1,'2022-11-11','2022-11-27','2022-11-12',1,'Gustav Klimt st. 23/10','74022','Rotterdam','Netherlands')
insert into Orders values(44,4,1083,1,'2022-11-11','2022-11-25','2022-11-12',12,'Rembrandt st. 232/42','74322','Utrecht','Netherlands')
insert into Orders values(45,5,1084,1,'2022-11-11','2022-11-24','2022-11-12',11,'Bloemstraat 2311/411','74382','Eindhoven','Netherlands')
insert into Orders values(46,1,1085,16,'2022-11-11','2022-11-20','2022-11-12',0,'Leonardo de Vinci  2/42','76011-2','Rome','Italy')
insert into Orders values(47,4,1086,18,'2022-11-6','2022-11-19','2022-11-8',11,'Dante 3/9','76030','Rome','Italy')
insert into Orders values(48,5,1100,2,'2022-11-11','2022-11-25','2022-11-12',13,'Lilla Nygatan 2300/42','70233','Malmo','Sweden')
insert into Orders values(49,1,1101,5,'2022-11-11','2022-11-24','2022-11-12',0,'Prästgatan 2300/42','70302','Uppsala','Sweden')
insert into Orders values(50,6,1102,13,'2022-11-11','2022-11-24','2022-11-12',14,'Skeppsbron 2300/42','70399','Helsingborg','Sweden')
insert into Orders values(51,1,1119,1,'2022-11-11','2022-11-23','2022-11-12',0,'Unter den Linden 2300/42','43822','Munich','Germany')
insert into Orders values(52,10,1121,4,'2022-11-12','2022-11-24','2022-11-13',1,'Alte and Neue Schönhauser Strasse 277/3','43922','Kaiserslautern','Germany')
insert into Orders values(53,7,1141,1,'2022-11-12','2022-11-28','2022-11-13',15,'Rua de Goa 88/42','67032','Lisbon','Portugal')
insert into Orders values(54,1,1142,1,'2022-11-12','2022-11-28','2022-11-13',0,'Rua de Fátima  322/42','67101','Porto','Portugal')



insert into Orders values(56,9,1171,7,'2022-11-12','2022-11-24','2022-11-13',12,'Selma Riza sk. 87/2','90-63091','Bursa','Turkey')
insert into Orders values(57,7,1172,8,'2022-11-6','2022-11-19','2022-11-8',11,'Mehmed Akif Ersoy sk. 83/42','90-63111','Bursa','Turkey')
insert into Orders values(58,1,1173,1,'2022-11-13','2022-11-26','2022-11-14',0,'Hati Çirpan cd. 88/5','90-63422','Adana','Turkey')
insert into Orders values(59,7,1200,5,'2022-11-13','2022-11-30','2022-11-14',14,'Calle de Genova 133/11','52-61022','Morelia','Mexico')
insert into Orders values(60,1,1201,6,'2022-11-13','2022-11-30','2022-11-14',0,'Calle de Regina 15/4','52-61033','Morelia','Mexico')
insert into Orders values(61,3,1202,15,'2022-11-14','2022-12-1','2022-11-15',0,'Calle Dr Mora 9/35','52-61214','Oaxaca','Mexico')
insert into Orders values(62,6,1230,1,'2022-11-6','2022-11-19','2022-11-8',16,'Calle Adolfo Rodríguez Obnel 23/22','55-58219','Salvador','Brazil')
insert into Orders values(63,4,1231,13,'2022-11-14','2022-12-1','2022-11-15',15,'Calle Amabile Visintainer 23/22','55-58333','Salvador','Brazil')
insert into Orders values(64,6,1232,16,'2022-11-15','2022-12-2','2022-11-16',15,'Calle Antonio Galvao de Franca 230/24','55-59322','Goiânia','Brazil')
insert into Orders values(65,9,1270,20,'2022-11-15','2022-12-2','2022-11-16',17,'Hazratganj 2300/42','91-31992','Chandigarh','India')
insert into Orders values(66,1,1271,20,'2022-11-15','2022-2-2','2022-11-16',0,'Kasturba Gandhi Marg 80/2','91-31866','Ahmedabad','India')
insert into Orders values(67,8,1272,21,'2022-11-16','2022-12-7','2022-11-17',18,'Nur-Sultan Nazarbayev 230/2','7-32055','Astana','Kazakhstan')
insert into Orders values(68,2,1300,22,'2022-11-16','2022-12-4','2022-11-17',0,'Jongno 230/13','82-29330','Seoul','South Korea')
insert into Orders values(69,13,1301,24,'2022-11-16','2022-12-4','2022-11-17',0,'Myeongdong 15/42','82-29223','Seoul','South Korea')
insert into Orders values(70,12,1302,25,'2022-11-16','2022-12-4','2022-11-17',0,'Hongdae  210/4','82-28336','Busan','South Korea')
insert into Orders values(71,11,1303,27,'2022-11-17','2022-12-5','2022-11-18',0,'Namdaemun-ro 86/33','82-28299','Busan','South Korea')
insert into Orders values(72,11,1350,10,'2022-11-17','2022-12-5','2022-11-18',0,'Albert Einstein 13/19','65-27831','Yishun','Singapore')
insert into Orders values(73,4,1351,29,'2022-11-17','2022-12-5','2022-11-18',17,Null,'62-27922','Jurong','Singapore')
insert into Orders values(74,12,1352,10,'2022-11-17','2022-12-5','2022-11-18',0,Null,Null,'Bukit Panjang','Singapore')
insert into Orders values(75,9,1367,1,'2022-11-17','2022-12-6','2022-11-18',15,'Yohana Jabutinski 21/33','972-80223','Holon','Israel')
insert into Orders values(76,11,1380,1,'2022-11-17','2022-12-7','2022-11-18',0,'Al-Shabab Avenue-41/42','973-65291','Manama','Bahrain')
insert into Orders values(77,9,1381,21,'2022-11-17','2022-12-7','2022-11-18',18,'Riffa-Bu Kwarah 11/9','973-65322','Riffa','Bahrain')
insert into Orders values(78,4,1382,11,'2022-11-6','2022-11-19','2022-11-8',17,'Omar ibn al Khattab st. 20/13','973-65392','Muharraq','Bahrain')
insert into Orders values(79,4,1383,13,'2022-11-17','2022-12-7','2022-11-18',17,'Al-fajjar st. 12/19','973-65323','Al Qadam','Bahrain')
insert into Orders values(80,5,1400,11,'2022-11-17','2022-11-8','2022-11-19',18,'Jamal abd el Nasser st. 93/17','20-64750','Alexandria','Egypt')
insert into Orders values(81,6,1401,12,'2022-11-17','2022-12-6','2022-11-18',15,'calle de Mario vargas josa 49/16',Null,'Kito','Ecuador')
insert into Orders values(82,7,1402,14,'2022-11-17','2022-12-5','2022-11-18',1,'Ismet Inonu cd. 13/16',Null,'Istanbul','Turkey')
insert into Orders values(83,7,1403,14,'2022-11-6','2022-11-19','2022-11-8',14,'Mustaf Kemal Attaturk 19/33',Null,'Istanbul','Turkey')
insert into Orders values(84,2,1404,3,'2022-11-17','2022-12-5','2022-11-18',1,'Necmettin Erbakan 33/36',Null,'Istanbul','Turkey')
insert into Orders values(85,2,1405,1,'2022-11-17','2022-12-5','2022-11-18',1,'Necmettin Erbakan cd. 188/36',Null,'Istanbul','Turkey')
insert into Orders values(86,2,1406,29,'2022-11-18','2022-12-6','2022-11-19',1,'Suleyman Kanuni 122/26',Null,'Istanbul','Turkey')
insert into Orders values(87,3,1407,29,'2022-11-18','2022-12-6','2022-11-19',1,'Suleyman Demirel 25/29',Null,'Istanbul','Turkey')
insert into Orders values(88,4,1408,27,'2022-11-18','2022-12-6','2022-11-19',14,'Celaluddin Rumi 38/42',Null,'Istanbul','Turkey')
insert into Orders values(89,1,1409,1,'2022-11-18','2022-12-6','2022-11-19',1,'Turgut Ozal cd. 23/19',Null,'Istanbul','Turkey')
insert into Orders values(90,4,1460,12,'2022-11-18','2022-12-6','2022-11-19',14,'Franklin Távora 12/32','55-60119','Piraciacaba','Brazil')
insert into Orders values(91,8,1461,15,'2022-11-18','2022-12-6','2022-11-19',12,'Eduardo Wandenkolk 91/11','55-58991','Teresina','Brazil')
insert into Orders values(92,10,1462,16,'2022-11-18','2022-12-6','2022-11-19',1,'Deodoro da Fonseca 12/13','55-58810','Joao Pessoa','Brazil')
insert into Orders values(93,5,1500,17,'2022-11-18','2022-12-6','2022-11-19',14,Null,Null,'Maringa','Brazil')
insert into Orders values(94,5,1501,13,'2022-11-6','2022-11-19','2022-11-8',14,Null,Null,'Maringa','Brazil')
insert into Orders values(95,5,1502,15,'2022-11-18','2022-12-6','2022-11-19',14,Null,NUll,'Pelotas','Brazil')
insert into Orders values(96,6,1503,17,'2022-11-18','2022-12-6','2022-11-19',13,Null,Null,'Sao Paulo','Brazil')
insert into Orders values(97,3,1550,1,'2022-11-18','2022-12-6','2022-11-19',0,'Rua Sete de Setembro 12/33','55-57820','Ibirité','Brazil')

use Company
update orders set  ShipCity='Santa Bárbara d`Oeste' where CustomerId = 1550
SELECT * from Orders where CustomerID = 1550
insert into Orders values(98,3,1551,22,'2022-11-18','2022-12-6','2022-11-19',0,'Rua Sete de Setembro 12/33','55-57590','','')
insert into Orders values(99,2,1552,23,'2022-11-18','2022-12-6','2022-11-19',0,'Rua Santo Cristo 121/12','55-57490','Guarapuava','Brazil')
insert into Orders values(100,11,1553,24,'2022-11-18','2022-12-6','2022-11-19',1,'Rua Santo Antônio 14/42','55-57332','Palhoça','Brazil')
insert into Orders values(101,13,1580,19,'2022-11-18','2022-12-6','2022-11-19',1,'Calle Miguel de Cervantes 17/23','34-50223','Valladolid','Spain')
insert into Orders values(102,12,1581,25,'2022-11-18','2022-12-6','2022-11-19',1,'Calle de Carlos Ruiz Zafón 3/22','34-49820','Barcelona','Spain')
insert into Orders values(103,12,1582,18,'2022-11-18','2022-12-6','2022-11-19',1,'Calle de Carlos Fuentes 19/22','34-49722','Mallorca','Spain')
insert into Orders values(104,13,1620,17,'2022-11-19','2022-12-7','2022-11-20',1,'Gazi Abdulhamit II sk. 2/13','90-47882','Kahramanmaraş','Turkey')
insert into Orders values(105,10,1621,16,'2022-11-19','2022-12-7','2022-11-20',1,'Fatma Esma Nayman cd. 200/17','90-47721','Kuşadası','Turkey')
insert into Orders values(106,8,1622,15,'2022-11-19','2022-12-7','2022-11-20',13,'Yaşar Kemal cd. 273/11','90-46822','Diyarbakır','Turkey')
insert into Orders values(107,13,1623,30,'2022-11-19','2022-12-7','2022-11-20',1,'Paal Brekke 2300/42 st.','47-43882','Bergen','Norway')
insert into Orders values(108,8,1680,30,'2022-11-19','2022-12-6','2022-11-20',11,'Georges Simenon rue 12/16','32-40772','Liege','Belgium')
insert into Orders values(109,12,1681,25,'2022-11-19','2022-12-7','2022-11-20',1,'Maurice Maeterlinck rue 213/11','32-39852','Bouillon','Belgium')
insert into Orders values(110,9,1682,1,'2022-11-19','2022-11-6','2022-11-20',12,'Émile Verhaeren st. 51/14','32-39711','Mechelen','Belgium')
insert into Orders values(111,6,1683,1,'2022-11-19','2022-12-6','2022-11-20',11,'Henri Michaux st. 34/11','32-39702','Namur','Belgium')
insert into Orders values(112,7,1684,7,'2022-11-19','2022-12-6','2022-11-20',12,'Karel van de Woestijne st. 322/11','32-39679','Ghent','Belgium')
insert into Orders values(113,4,1685,23,'2022-11-20','2022-12-8','2022-11-21',10,'Adolphe Siret st. 35/11','32-39580','Liege','Belgium')
insert into Orders values(114,5,1700,14,'2022-11-20','2022-12-8','2022-11-21',11,'Hatice Nüzhet Gökdoğan sk. 30/30','90-47822','Urla','Turkey')
insert into Orders values(115,8,1701,7,'2022-11-20','2022-12-8','2022-11-21',13,'Thomas Mann Straße 33/42','49-40225','Mönchengladbach','Germany')
insert into Orders values(116,10,1702,28,'2022-11-20','2022-12-8','2022-11-21',0,'Lappenberg Straße  13/4','49-39820','Mannheim','Germany')
insert into Orders values(117,9,1703,25,'2022-11-20','2022-12-8','2022-11-21',13,'Vulkanstraße 39/35','49-39772','Heidelberg','Germany')
insert into Orders values(118,8,1704,19,'2022-11-6','2022-11-19','2022-11-8',11,'Adamič- Lundrovo nabrežje 12/28','386-35880','Ljubljana','Slovenia')
insert into Orders values(119,7,1705,18,'2022-11-21','2022-12-9','2022-11-22',9,'Amvrosiou Frantzi 21/27','30-32450','Heraklion','Greece')
insert into Orders values(120,7,1706,17,'2022-11-21','2022-12-8','2022-11-22',8,'Agias Zonis 11/38','30-31980','Corfu','Greece')
insert into Orders values(121,6,1707,15,'2022-11-21','2022-12-8','2022-11-22',7,'Amvrosiou Frantzi 91/13','30-31889','Edessa','Greece')
insert into Orders values(122,5,1708,6,'2022-11-21','2022-12-9','2022-11-23',11,'Apostolou Pavlou 80/13','357-29885','Larnaca','Cyprus')
insert into Orders values(123,4,1709,7,'2022-11-22','2022-12-10','2022-11-23',10,'Dionysiou Areopagitou 57/11','357-29873','Paphos','Cyprus')
insert into Orders values(124,5,1710,8,'2022-11-23','2022-12-11','2022-11-24',8,'Herrengasse 65/11','43-28740','Parndorf','Austria')


create table OrderDetails
(
OrderID int,
ProductID int,
UnitPrice money,
Quantity smallint,
Discount real
)
use Company
update OrderDetails set  ProductID=7,UnitPrice=70 where OrderID = 53
insert into OrderDetails values(1,1,3,1,0)
insert into OrderDetails values(2,2,1.5,1,0)
insert into OrderDetails values(3,1,3,1,0)
insert into OrderDetails values(4,1,3,1,0)
insert into OrderDetails values(5,3,0.8,1,0)
insert into OrderDetails values(6,4,40,1,0.05)
insert into OrderDetails values(7,5,58,1,0.02)
insert into OrderDetails values(8,6,42,1,0)
insert into OrderDetails values(9,1,3,1,0)
insert into OrderDetails values(10,3,0.8,1,0)
insert into OrderDetails values(11,1,3,1,0)
insert into OrderDetails values(12,2,1.5,1,0)
insert into OrderDetails values(13,9,95,1,0.05)
insert into OrderDetails values(14,1,3,1,0)
insert into OrderDetails values(15,9,100,1,0)
insert into OrderDetails values(16,1,6,2,0)
insert into OrderDetails values(17,9,100,1,0)
insert into OrderDetails values(18,9,110,1,0)
insert into OrderDetails values(19,1,3,1,0)
insert into OrderDetails values(20,9,112,1,0)
insert into OrderDetails values(21,9,112,1,0)
insert into OrderDetails values(22,1,3,1,0)
insert into OrderDetails values(23,9,112,1,0)
insert into OrderDetails values(24,1,4,1,0)
insert into OrderDetails values(25,3,111,1,0)
insert into OrderDetails values(26,1,3,1,0)
insert into OrderDetails values(27,9,112,1,0)
insert into OrderDetails values(28,1,3,1,0)
insert into OrderDetails values(29,9,113,1,0)
insert into OrderDetails values(30,2,8,6,0.11)
insert into OrderDetails values(31,4,28,1,0)
insert into OrderDetails values(32,2,3,2,0)
insert into OrderDetails values(33,1,3,1,0)
insert into OrderDetails values(34,2,13.5,10,0.1)
insert into OrderDetails values(35,4,18,1,0)
insert into OrderDetails values(36,2,3,2,0)
insert into OrderDetails values(37,1,12,4,0)
insert into OrderDetails values(38,3,2.4,3,0)
insert into OrderDetails values(39,1,3,1,0)
insert into OrderDetails values(40,13,4,2,0)
insert into OrderDetails values(41,1,6,2,0)
insert into OrderDetails values(42,4,34,1,0)
insert into OrderDetails values(43,1,6,2,0)
insert into OrderDetails values(44,4,30,1,0)
insert into OrderDetails values(45,5,41,1,0)
insert into OrderDetails values(46,1,6,2,0)
insert into OrderDetails values(47,4,29,1,0)
insert into OrderDetails values(48,5,43,1,0)
insert into OrderDetails values(49,1,6,2,0)
insert into OrderDetails values(50,6,56,1,0)
insert into OrderDetails values(51,1,9,3,0)
insert into OrderDetails values(52,10,5,1,0)
insert into OrderDetails values(53,7,70,1,0)
insert into OrderDetails values(54,1,9,3,0)
insert into OrderDetails values(56,1,67,1,0)
SELECT * from Customers where Discount = 0.3
insert into OrderDetails values(57,7,66,1,0)
insert into OrderDetails values(58,1,9,3,0)
insert into OrderDetails values(59,1,69,1,0)
insert into OrderDetails values(60,1,12,4,0)
insert into OrderDetails values(61,3,2.4,3,0)
insert into OrderDetails values(62,6,58,1,0)
insert into OrderDetails values(63,4,33,1,0)
insert into OrderDetails values(64,6,57,1,0)
insert into OrderDetails values(65,9,117,1,0)
insert into OrderDetails values(66,1,12,4,0)
insert into OrderDetails values(67,8,78,1,0)
insert into OrderDetails values(68,2,13.5,10,0.1)
insert into OrderDetails values(69,13,4,2,0)
insert into OrderDetails values(70,12,7.5,3,0)
insert into OrderDetails values(71,11,5,2,0)
insert into OrderDetails values(72,10,4,1,0)
insert into OrderDetails values(73,4,35,1,0)
insert into OrderDetails values(74,12,5,2,0)
insert into OrderDetails values(75,9,115,1,0)
insert into OrderDetails values(76,11,10,4,0)
insert into OrderDetails values(77,9,118,1,0)
insert into OrderDetails values(78,4,35,1,0)
insert into OrderDetails values(79,4,35,1,0)
insert into OrderDetails values(80,5,48,1,0)
insert into OrderDetails values(81,6,51.5,1,0.1)
EXEC sp_rename 'dbo.OrderDetails.UnitPrice','TotalPrice'
update OrderDetails set TotalPrice= 13 where OrderID = 89
SELECT * from OrderDetails where OrderID = 87
insert into OrderDetails values(82,7,70,1,0)
insert into OrderDetails values(83,7,69,1,0)
insert into OrderDetails values(84,2,3,2,0)
insert into OrderDetails values(85,2,4.5,3,0)
insert into OrderDetails values(86,2,13.5,10,0.1)
insert into OrderDetails values(87,3,2.4,3,0)
insert into OrderDetails values(88,4,32,1,0)
insert into OrderDetails values(89,1,12,4,0)
insert into OrderDetails values(90,4,32,1,0)
insert into OrderDetails values(91,8,72,1,0)
insert into OrderDetails values(92,10,5,1,0)
insert into OrderDetails values(93,5,44,1,0)
insert into OrderDetails values(94,5,44,1,0)
insert into OrderDetails values(95,5,44,1,0)
insert into OrderDetails values(96,6,55,1,0)
insert into OrderDetails values(97,3,3.6,5,0.1)
insert into OrderDetails values(98,3,3.6,5,0.1)
insert into OrderDetails values(99,2,3,2,0)
insert into OrderDetails values(100,11,3.5,1,0)

insert into OrderDetails values(101,13,5,2,0)
insert into OrderDetails values(102,12,3.5,1,0)
insert into OrderDetails values(103,12,3.5,1,0)
insert into OrderDetails values(104,13,5,2,0)
insert into OrderDetails values(105,10,5,1,0)
insert into OrderDetails values(106,8,73,1,0)
insert into OrderDetails values(107,13,5,2,0)
insert into OrderDetails values(108,8,71,1,0)
insert into OrderDetails values(109,12,8.5,3,0)
insert into OrderDetails values(110,9,106.4,1,0.05)
insert into OrderDetails values(111,6,53,1,0)
insert into OrderDetails values(112,7,67,1,0)
insert into OrderDetails values(113,4,28,1,0)
insert into OrderDetails values(114,5,41,1,0)
insert into OrderDetails values(115,8,73,1,0)
insert into OrderDetails values(116,10,8,2,0)
insert into OrderDetails values(117,9,113,1,0)
insert into OrderDetails values(118,8,71,1,0)
insert into OrderDetails values(119,7,64,1,0)
insert into OrderDetails values(120,7,63,1,0)
insert into OrderDetails values(121,6,49,1,0)
insert into OrderDetails values(122,5,41,1,0)
insert into OrderDetails values(123,4,28,1,0)
insert into OrderDetails values(124,5,38,1,0)

create table Products
(
ProductID int,
ProductName varchar(50),
SupplierID int,
QuantityPerUnit varchar(50),
UnitPrice float,
UnitInStock smallint,
)


create table Suppliers
(
ShipperID int,
CompanyName varchar(50),
Phone varchar(30)
)
insert into Suppliers values(1000,'East and West Export','86-054-3822055')
insert into Suppliers values(1001,'East and West Export','86-054-3822055')
insert into Suppliers values(1002,'East and West Export','86-054-3822055')
insert into Suppliers values(1004,'Emir Oğulları Spor Devi','90-050-8725500')
insert into Suppliers values(1005,'Emir Oğulları Spor Devi','90-050-8725500')
insert into Suppliers values(1006,'Emir Oğulları Spor Devi','90-050-8725500')
insert into Suppliers values(1007,'Jacky Wen Outdoor Inc','86-050-8725500')
insert into Suppliers values(1008,'Jacky Wen Outdoor Inc','86-050-8725500')
insert into Suppliers values(1009,'Jacky Wen Outdoor Inc','86-050-8725500')
insert into Suppliers values(1010,'Xu Hani Gadgets Inc','86-057-6327544')
insert into Suppliers values(1011,'Mother Nature inc','1-050-8725500')
insert into Suppliers values(1012,'Mother Nature inc','1-050-6722540')
insert into Suppliers values(1013,'Mother Nature inc','90-050-67225540')


create table Shippers
(OrderID int,
ShippingType varchar(30),
ShippingTime varchar(30),
TrackingNumber varchar(30)
)


insert into Shippers values(1,'Epacket','15-30 Days','LZ1568904432US')
insert into Shippers values(2,'Epacket','15-30 Days','LZ1568923332US')
insert into Shippers values(3,'Expedited Shipping','10-20 Days','LZ1561101532US')
insert into Shippers values(4,'Expedited Shipping','10-20 Days','LZ1548901542US')
insert into Shippers values(5,'Expedited Shipping','10-20 Days','LZ1548305232US')
insert into Shippers values(6,'Expedited Shipping','10-20 Days','LZ2461101532US')
insert into Shippers values(7,'Expedited Shipping','10-20 Days','LZ3348901542US')
insert into Shippers values(8,'Expedited Shipping','10-20 Days','LZ3848305232US')
insert into Shippers values(9,'Expedited Shipping','10-20 Days','LZ4000901542US')
insert into Shippers values(10,'Expedited Shipping','10-20 Days','LZ3542367232US')
insert into Shippers values(11,'Expedited Shipping','10-20 Days','LZ8568485532US')
insert into Shippers values(12,'Expedited Shipping','10-20 Days','LZ2568905532US')
insert into Shippers values(13,'Expedited Shipping','10-20 Days','LZ3568975432US')
insert into Shippers values(14,'Expedited Shipping','10-20 Days','LZ3568975532US')
insert into Shippers values(15,'Expedited Shipping','10-20 Days','LZ9968902532US')
insert into Shippers values(16,'Expedited Shipping','10-20 Days','LZ0568902532US')
insert into Shippers values(17,'Expedited Shipping','10-20 Days','LZ0368905532US')
insert into Shippers values(18,'Expedited Shipping','10-20 Days','LZ4468965532US')
insert into Shippers values(19,'Expedited Shipping','10-20 Days','LZ3568969532US')
insert into Shippers values(20,'Expedited Shipping','10-20 Days','LZ2969905532US')
insert into Shippers values(21,'Expedited Shipping','10-20 Days','LZ1578975532US')
insert into Shippers values(22,'Expedited Shipping','10-20 Days','LZ3568705532US')
insert into Shippers values(23,'Expedited Shipping','10-20 Days','LZ2538905532US')
insert into Shippers values(24,'Expedited Shipping','10-20 Days','LZ78568905532US')
insert into Shippers values(25,'Expedited Shipping','10-20 Days','LZ4368905532US')
insert into Shippers values(26,'Expedited Shipping','10-20 Days','LZ2564905532US')
insert into Shippers values(27,'Expedited Shipping','10-20 Days','LZ7778905532US')
insert into Shippers values(28,'Expedited Shipping','10-20 Days','LZ3338905532US')
insert into Shippers values(29,'Expedited Shipping','10-20 Days','LZ4568902532US')
insert into Shippers values(30,'Expedited Shipping','10-20 Days','LZ2568902532US')
insert into Shippers values(31,'Expedited Shipping','10-20 Days','LZ1168905532US')
insert into Shippers values(32,'Expedited Shipping','10-20 Days','LZ1118905532US')
insert into Shippers values(33,'Expedited Shipping','10-20 Days','LZ1118905532US')
insert into Shippers values(34,'Expedited Shipping','10-20 Days','LZ1118905532US')
insert into Shippers values(35,'Expedited Shipping','10-20 Days','LZ1418905532US')
insert into Shippers values(36,'Expedited Shipping','10-20 Days','LZ3368905532US')
insert into Shippers values(37,'Expedited Shipping','10-20 Days','LZ3768905532US')
insert into Shippers values(38,'Expedited Shipping','10-20 Days','LZ7768905532US')
insert into Shippers values(39,'Epacket','15-30 Days','LZ3708005532US')
insert into Shippers values(40,'Epacket','15-30 Days','LZ1568000232US')
insert into Shippers values(41,'Epacket','15-30 Days','LZ2768904533RO')
insert into Shippers values(42,'Epacket','15-30 Days','LZ2768707533RO')
insert into Shippers values(43,'Epacket','15-30 Days','LZ2463907533RO')
insert into Shippers values(44,'Epacket','15-30 Days','LZ4533904533RO')
insert into Shippers values(45,'Epacket','15-30 Days','LZ4563903533RO')
insert into Shippers values(46,'Epacket','15-30 Days','LZ2262902533RO')
insert into Shippers values(47,'Epacket','15-30 Days','LZ2268304533RO')
insert into Shippers values(48,'Epacket','15-30 Days','LZ2038304533RO')
insert into Shippers values(49,'Epacket','15-30 Days','LZ2068904033RO')
insert into Shippers values(50,'Epacket','15-30 Days','LZ2568904530RO')
insert into Shippers values(51,'Expedited Shipping','10-20 Days','LZ0268905532RO')
insert into Shippers values(52,'Expedited Shipping','10-20 Days','LZ1568905830RO')
insert into Shippers values(53,'Expedited Shipping','10-20 Days','LZ1568002432RO')
insert into Shippers values(54,'Epacket','15-30 Days','LZ2528905532RO')
insert into Shippers values(56,'Epacket','15-30 Days','LZ1568915632RO')
insert into Shippers values(57,'Epacket','15-30 Days','LZ0068905532RO')
insert into Shippers values(58,'Epacket','15-30 Days','LZ1508975532RO')
insert into Shippers values(59,'Expedited Shipping','10-20 Days','LZ7878905532RO')
insert into Shippers values(60,'Expedited Shipping','10-20 Days','LZ5689055030RO')
insert into Shippers values(61,'Expedited Shipping','10-20 Days','LZ1568905000RO')
insert into Shippers values(62,'Expedited Shipping','10-20 Days','LZ4448905532RO')
insert into Shippers values(63,'Expedited Shipping','10-20 Days','LZ4448905444RO')
insert into Shippers values(64,'Expedited Shipping','10-20 Days','LZ7748905532RO')
insert into Shippers values(65,'Expedited Shipping','10-20 Days','LZ3398905532RO')
insert into Shippers values(66,'Epacket Delayed ','20-40 Days','LZ1560005532RO')
insert into Shippers values(67,'Epacket','20-40 Days due to christmas','LZ1560005776RO')
insert into Shippers values(68,'Epacket','20-40 Days due to christmas','LZ13350205776RO')
insert into Shippers values(69,'Epacket','20-40 Days due to christmas','LZ1563385776RO')
insert into Shippers values(70,'Epacket','20-40 Days due to christmas','LZ15622205776RO')
insert into Shippers values(71,'Epacket','15-30 Days','LZ1522905532RO')
insert into Shippers values(72,'Epacket','15-30 Days','LZ1511905530RO')
insert into Shippers values(73,'Epacket','15-30 Days','LZ1522905032RO')
insert into Shippers values(74,'Epacket','15-30 Days','LZ1522005032RO')
insert into Shippers values(75,'Epacket','15-30 Days','LZ1522005532RO')
insert into Shippers values(76,'Epacket','15-30 Days','LZ1568905539RO')
insert into Shippers values(77,'Epacket','15-30 Days','LZ1568905539RO')
insert into Shippers values(78,'Epacket','15-30 Days','LZ2568905838RO')
insert into Shippers values(79,'Expedited Shipping','10-20 Days','LZ1568905532RO')
insert into Shippers values(80,'Expedited Shipping','10-20 Days','LZ1508905520RO')
insert into Shippers values(81,'Epacket','15-30 Days','LZ1500905032US')
insert into Shippers values(82,'Epacket','15-30 Days','LZ1568765562US')
insert into Shippers values(83,'Expedited Shipping','10-20 Days','LZ1568975738RO')
insert into Shippers values(84,'Expedited Shipping','10-20 Days','LZ1568938535RO')
insert into Shippers values(85,'Expedited Shipping','10-20 Days','LZ0008905532RO')
insert into Shippers values(86,'Expedited Shipping','10-20 Days','LZ1568905580RO')
insert into Shippers values(87,'Expedited Shipping','10-20 Days','LZ3528905532US')
insert into Shippers values(88,'Standard Shipping ','20-40 Days due to Christmas','LZ2568745532US')
insert into Shippers values(89,'Standard Shipping ','20-40 Days due to Christmas','LZ2569995532TR')
insert into Shippers values(90,'Standard Shipping ','20-40 Days due to Christmas','LZ2500345532TR')
insert into Shippers values(91,'Standard Shipping ','20-40 Days due to Christmas','LZ2568741239TR')
insert into Shippers values(92,'Standard Shipping ','20-40 Days due to Christmas','LZ2560705532CN')
insert into Shippers values(93,'Standard Shipping ','20-40 Days due to Christmas','LZ2568345432HK')
insert into Shippers values(94,'Standard Shipping ','20-40 Days due to Christmas','LZ0538745532TR')
insert into Shippers values(95,'Standard Shipping ','20-40 Days due to Christmas','LZ3578045532MX')
insert into Shippers values(96,'Standard Shipping ','20-40 Days due to Christmas','LZ2568745030TR')
insert into Shippers values(97,'Standard Shipping ','20-40 Days due to Christmas','LZ2532745532MX')
insert into Shippers values(98,'Standard Shipping ','20-40 Days due to Christmas','LZ2568740012MX')
insert into Shippers values(99,'Standard Shipping ','20-40 Days due to Christmas','LZ2568745124TR')
insert into Shippers values(100,'Standard Shipping ','20-40 Days due to Christmas','LZ2568740132TR')
insert into Shippers values(101,'Standard Shipping ','20-40 Days due to Christmas','LZ2068045132RO')
insert into Shippers values(102,'Epacket','15-30 Days','LZ1508905502TR')
insert into Shippers values(103,'Expedited Shipping','10-15 Days','LZ1038905532RO')
insert into Shippers values(104,'Expedited Shipping','10-16 Days','LZ1033925532RO')
insert into Shippers values(105,'Expedited Shipping','10-16 Days','LZ0332905532RO')
insert into Shippers values(106,'Expedited Shipping','10-16 Days','LZ1038903242RO')
insert into Shippers values(107,'Expedited Shipping','10-16 Days','LZ3238905532RO')
insert into Shippers values(108,'Expedited Shipping','10-16 Days','LZ1038905022RO')
insert into Shippers values(109,'Expedited Shipping','10-16 Days','LZ1038905124RO')
insert into Shippers values(110,'Expedited Shipping','10-16 Days','LZ1298905532TR')
insert into Shippers values(111,'Expedited Shipping','10-15 Days','LZ1038905532RO')
insert into Shippers values(112,'Epacket','15-30 Days','LZ1568905532TR')
insert into Shippers values(113,'Epacket','15-30 Days','LZ1522905532RO')
insert into Shippers values(114,'Epacket','15-30 Days','LZ1568901130TR')
insert into Shippers values(115,'Epacket','15-30 Days','LZ1568925130RO')
insert into Shippers values(116,'Epacket','15-30 Days','LZ1568935231RO')
insert into Shippers values(117,'Expedited Shipping','15-30 Days','L23148525532US')
insert into Shippers values(118,'Expedited Shipping','10-20 Days','LZ1568325532RO')
insert into Shippers values(119,'Expedited Shipping','10-20 Days','LZ1568945431TR')
insert into Shippers values(120,'Expedited Shipping','10-15 Days','LZ1238405232RO')
insert into Shippers values(121,'Expedited Shipping','10-15 Days','LZ1008004522RO')
insert into Shippers values(122,'Expedited Shipping','10-15 Days','LZ1030900532RO')
insert into Shippers values(123,'Expedited Shipping','10-15 Days','LZ1032900532RO')
insert into Shippers values(124,'Expedited Shipping','10-15 Days','LZ1032905532TR')
